UnitID,OwningHerbariumAcronym,PrepCode,DateCreated,dateValidated,Genus on label,Species on label,Author,General Comments,country,dateIdentified,Collection Date,Cultivated,Cultivated Date,Cultivated by,habitat,identificationRemarks,identifiedBy,Filed-under country,Collected by,Collected by_1,Collected by_2,Collected by_3,recordNumber,Filed-under Name,Family,Sheet Number,stateProvince,transcriberNotes,verbatimElevation,Altitude,Altitude_max,Altitude_unit,verbatimLatitude,LatDeg,LatMin,LatSec,LatOrient,verbatimLocality,verbatimLongitude,LongDeg2,LongMin,LongSec,LongOrient,vernacularName
K000468300,K,Sheet,05/02/2018,07-Feb-2018 21:44:18,Striga,hermonthica,(Delile) Benth.,,Tanzania,2007,2006-05-22,false,,,"Swampy grassland with standing water, large populations of Hygrophila auriculata.",Perennial herb; flowers salmon pink.,"Vollesen, K.",Tanzania,"Bidgood, S.","Hoenselaar, K.","Leliyo, G.","Vollesen, K.",6125,Striga hermonthica Benth.,,,Tabora,,1100 Metres,1100,,Metres,5°13'S,5,13,,S,68 km on Tabora-Itigi road,33°20'E,33,20,,E,
K000483406,K,Sheet,05/02/2018,07-Feb-2018 23:32:48,Striga,hermonthica,(Delile) Benth.,,Mali,,1986-09-28,false,,,"Parasite du Sorgho. Sur sol gravillonneux, latéritique.",,,Mali,"Raynal-Roques, A.",,,,22200,Striga hermonthica Benth.,,,Sikasso,,,,,,,,,,,"Sikasso, cultures vivrières à la limite N de la ville.",,,,,,
K000483407,K,Sheet,05/02/2018,07-Feb-2018 23:31:34,Striga,hermonthica,(Delile) Benth.,,Mali,,1986-09-27,false,,,Parasite du Mil (Pennisetum) cultivé.,"Herbe en touffes dressées. Fleurs blanc pur, y compris les boutons. Dans la population, on trouve toutes les couleurs, du rose vif au blanc .",,,"Raynal-Roques, A.",,,,22194,Striga hermonthica Benth.,,,Sikasso,,,,,,,,,,,"Sékésona, a 7 km de Du Ouéléssébougou, sur la route de Bougouni (env . 90 km au S de Bamako).",,,,,,
K000483408,K,Sheet,15/02/2018,,Striga,hermonthica,(Delile) Benth.,,Mali,,1988-09-29,false,,,"fields at S entrance to town, on sorghum, parasitic",variable flowers,,Mali,"Raynal-Roques, Aline",,,,22526,Striga hermonthica Benth.,,,Koulikoro,,,,,,12°N,12,,,,Kati,8°W,8,,,W,
K000483409,K,Sheet,15/02/2018,,Striga,hermonthica,(Delile) Benth.,,Mali,1993,1988-11-12,false,,,,,"Bidgood, Sally",Mali,"Yeates, M.",,,,88/Mali/8,Striga hermonthica Benth.,,,Kayes,,,,,,,,,,,"Yélimané Cercle, Dionkoulane fields",,,,,,
K000483410,K,Sheet,15/02/2018,,Striga,hermonthica,(Delile) Benth.,,Mali,,1988-10-02,false,,,"cultures sur sable, parasite sur mil cultivé",,,Mali,"Raynal-Roques, Aline",,,,22573,Striga hermonthica Benth.,,,Ségou,,,,,,14°N,14,,,,7 km SE of Diabaly,6°W,6,,,W,
K000483411,K,Sheet,15/02/2018,,Striga,hermonthica,(Delile) Benth.,,Mali,,1969-10-24,false,,,"rough ground on edge of cultivation, parasitic on Sorghum",flowers bright pink,,Mali,"Hepper, F.N.",,,,3759,Striga hermonthica Benth.,,,Koulikoro,,,,,,,,,,,"Kati, 15 km NW of Bamako",,,,,,
K000483412,K,Sheet,15/02/2018,,Striga,hermonthica,(Delile) Benth.,,Mali,1956-06-19,1929-11,false,,,ancien champ,red flowers,"Hepper, F.N.",Mali,Waterlot,,,,1451,Striga hermonthica Benth.,,,Bamako,not sure if Waterlot is the collector,,,,,,,,,,Bamako,,,,,,
K000483413,K,Sheet,18/02/2018,,Striga,hermonthica,(Delile) Benth.,Striga hermonthica (Del.) Benth. ;Trans-African Hovercraft Expedition 1969,Mali,1969,1969-10-24,false,,,Rough ground on edge of cultivation.,"Parasitic on Sorghum, flowers bright pink","Hepper, F.N.",Mali,"Hepper, F.N.",,,,3759,Striga hermonthica Benth.,,,Koulikoro,,,,,,,,,,,KATI 15 km. north west of BAMAKO,,,,,,
K000483414,K,Sheet,18/02/2018,,Striga,hermonthica,(Delile) Benth.,Striga hermonthica Benth.,Mali,1986,1986-09-29,false,,,,Parasite sur le Mil (Pennisetum). Cultures très pauvres.,"Raynal-Roques, Aline",Mali,"Raynal-Roques, Aline",,,,22221,Striga hermonthica Benth.,,,Ségou,,,,,,,,,,,"Yangasso, à 10 km à l'W du village, sur la route Bla-San (env. 65 km à l'W de San)",,,,,,
K000483415,K,Sheet,15/02/2018,,Striga,hermonthica,(Delile) Benth.,,Mali,,1986-09-28,false,,,field of millet and sorghum,,,Mali,"Raynal-Roques, Aline",,,,22208,Striga hermonthica Benth.,,,Sikasso,,,,,,,,,,,"Sikasso-Koutiala road, 17 km before Koutiala",,,,,,
K000483416,K,Sheet,18/02/2018,,Striga,hermonthica,(Delile) Benth.,Striga hermonthica Benth.,Mali,1986,1986-09-28,false,,,Dans un champ de Mil (Pennisetum),Parasite,"Raynal-Roques, Aline",Mali,"Raynal-Roques, Aline",,,,22210,Striga hermonthica Benth.,,,Sikasso,,,,,,,,,,,"Coco, à 4 km de Koutiala, sur la route de Ségou.",,,,,,
K000483417,K,Sheet,15/02/2018,,Striga,hermonthica,(Delile) Benth.,,Burkina Faso,,1986-10-03,false,,,parasite on millet,,,Burkina Faso,"Raynal-Roques, Aline",,,,22263,Striga hermonthica Benth.,,,Nord,,,,,,,,,,,"Bogoya, 5 km NW of Ouahigouya",,,,,,
K000483418,K,Sheet,16/02/2018,,Striga,hermonthica,(Delile) Benth.,,Burkina Faso,,1986-10-06,false,,,"Parasite, sur Sorgho.",,,Burkina Faso,"Raynal-Roques, A.",,,,22305,Striga hermonthica Benth.,,,,,,,,,,,,,,Boromo (à mi-chemin entre Bobo-Dioulasso et Ouagadougou); entre le village et la Volta Noire.,,,,,,
K000483419,K,Sheet,16/02/2018,,Striga,hermonthica,(Delile) Benth.,,Burkina Faso,,1988-10-07,false,,,Champs cultivés. ;Parasite sur sorgho cultivé.,"Parasite sur sorgho cultivé, variété à grains blancs.",,Burkina Faso,"Raynal-Roques, Aline",,,,22602,Striga hermonthica Benth.,,,,,,,,,12°N,12,,,,"Entre Koassodo et Loumbila, à 20 km au nord de Ouagadougou sur la route de Kaya.",1°W,1,,,W,
K000865156,K,Sheet,06/02/2018,07-Feb-2018 21:45:44,Striga,hermonthica,(Delile) Benth.,Striga hermonthica (Delile) Benth.;Cited in F.T.E.A. Scrophulariaceae,Kenya,2008,1958-07-07,false,,,Weed in maize.  Common and often abundant (also on Sorghum),Flowers bright pink,"Ghazanfar, S.",Kenya,"Bogdan, A.",,,,4535,Striga hermonthica Benth.,,,Homa Bay,,4100,,,,,,,,,3 miles S of Homa Bay,,,,,,
K000865157,K,Sheet,16/02/2018,,Striga,hermonthica,(Delile) Benth.,Cited in F.T.E.A. Scrophulariaceae,Kenya,2008,1933-09,true,,,Maize parasite. Cultivated ground.,Erect about 2 ft. Bright pinky mauve.,"Ghazanfar, S.",Kenya,"Nafuer, E.R.",,,,5343,Striga hermonthica Benth.,,,,,5000:5000 Feet,1524,1524,Metres,,,,,,Kisii,,,,,,
K000865158,K,Sheet,06/02/2018,07-Feb-2018 23:37:19,Striga,hermonthica,(Delile) Benth.,"Seen for ""Flora of Tropical East Africa""",Kenya,,,false,,,Growing in natives' gardens as a weed.,,,Kenya,"Battiscombe, E.",,,,495,Striga hermonthica Benth.,,,Nyanza Province,Annotated:- Rec. 13/1/1912,3000:4000 Feet,914.4,1219.2,Metres,,,,,,"Nyanza Basin, Brit. E. Africa",,,,,,
K000865159,K,Sheet,06/02/2018,09-Feb-2018 01:38:49,Striga,hermonthica,(Delile) Benth.,"Seen for ""Flora of Tropical East Africa""",Kenya,,,false,,,,,,Kenya,"Dowson, W.J.",,,,452,Striga hermonthica Benth.,,,Kisumu,"Annotated:- Recd. Sept. 22, 1916",3300 Feet,1005.84,,Metres,,,,,,"Kisumu, Victoria Nyanza, British East Africa",,,,,,
K000865160,K,Sheet,06/02/2018,07-Feb-2018 21:51:57,Striga,hermonthica,(Delile) Benth.,,Kenya,,1964-12-13,false,,,In Sorghum cultivation on deep red soil. Over basement complex. Rainf. 730mm.,Flowers pale magenta known to the local people as noxious to cereals.,,Kenya,"Gillett, J.B.",,,,16369,Striga hermonthica Benth.,,,Central Kavirondo District,,1160 Metres,1160,,Metres,0°8'S,0,8,,S,South of Maranda,34°10'E,34,10,,E,Kayongo (Luo)
K000865161,K,Sheet,06/02/2018,,Striga,hermonthica,(Delile) Benth.,"Seen for ""Flora of Tropical East Africa""",Kenya,,1925-06,false,,,"On maize, sugar and mtama",,,Kenya,"McDonald, JJ.",,,,910,Striga hermonthica Benth.,,,Kisumu,,4000,,,,,,,,,"Muhoroni, Kenya",,,,,,Hionga (Kavirondo)
K000865162,K,Sheet,06/02/2018,07-Feb-2018 23:40:39,Striga,hermonthica,(Delile) Benth.,Striga hermonthica (Del.) Benth.,Kenya,1983-12,1969-08-28,false,,,On roadsides.,1-2 ft high.  Fl. pink.,"Hepper, F.N.",Kenya,Hindorf,,,,818,Striga hermonthica Benth.,,,Kericho,,5500,,,,,,,,,"Fort Ternan, Kericho District, Kenya",,,,,,
K000865163,K,Sheet,06/02/2018,,Striga,hermonthica,(Delile) Benth.,"Seen for ""Flora of Tropical East Africa""",Kenya,,1938-08-06,false,,,Growing in black soil in mealie lands.,,,Kenya,"Pole Evans, I.B.","Erens, J.",,,1645,Striga hermonthica Benth.,,,,,,,,,,,,,,Kovorondo Flats,,,,,,
K000865164,K,Sheet,06/02/2018,,Striga,hermonthica,(Delile) Benth.,Striga hermonthica (Del.) Benth.,Kenya,1984,1898-12,false,,,,,"Hepper, F.N.",Kenya,"Whyte, A.",,,,,Striga hermonthica Benth.,,,,,,,,,,,,,,12th march from Mumias;K5 North Kavirondo,,,,,,
K000865165,K,Sheet,16/02/2018,,Striga,hermonthica,(Delile) Benth.,,Tanzania,2005-11,2000-03-11,false,,,Disturbed rocky shrubland.,Occasional. Base of stem tinged maroon; corolla pink-purple; anthers blue-purple; stigma blue-purple.,"Darbyshire, I.",Tanzania,"Kayombo, C.J.","Sitoni, D.","Busasi, K.","James, M.",3275,Striga hermonthica Benth.,,,Mwanza,,1160 Metres,1160,,Metres,"02°35'44""S",02,35,44,S,"Mwanza: Magu District;T1. Base of Magu Hill, 1 km W of Magu, small town center.","33°26'09""E",33,26,9,E,
K000865166,K,Sheet,16/02/2018,,Striga,hermonthica,(Delile) Benth.,,Tanzania,,1952-05-06,false,,,On red laterite soil. In cultivation.,"Onblower, purple, not aromatic, sap colourless. Growing in groups. Height up to 2 ft. Very straight.;Reported to be a parasite.",,Tanzania,"Tanner, R.",,,,747,Striga hermonthica Benth.,,,Mwanza,,3700,,,,,,,,,"Ntinda, Mbarika, Mwanza;Lake Prov.",,,,,,Kisuhuma Kiduka
K000865167,K,Sheet,16/02/2018,,Striga,hermonthica,(Delile) Benth.,,Tanzania,,1932-06,false,,,semi-parasitic weed on cereals,,,Tanzania,"Raunce, N.V.",,,,55,Striga hermonthica Benth.,,,Mwanza,,,,,,,,,,,"Ukirewe, Mwanza and Kwimba",,,,,,
K000865168,K,Sheet,07/02/2018,,Striga,hermonthica,(Delile) Benth.,,Tanzania,,1952-05-23,false,,,"In mealie field, in wet area. Common.","Erect herb to 2 feet. Stems and leaves pale green, with rough, white hairs. Flowers pale mauve.",,Tanzania,"Welch, J.R.",,,,174,Striga hermonthica Benth.,,,Shinyanga,,3800 Feet,1158.24,,Metres,,,,,,Old Shinyanga,,,,,,
K000865169,K,Sheet,07/02/2018,07-Feb-2018 21:59:31,Striga,hermonthica,(Delile) Benth.,,Tanzania,,1960-10-10,false,,,In cultivation. On red-brown loam,"Growing in gps. Height 18 ins. Sap colourless. Single stem, branched, upright. In flower, mauve, strongly aromatic",,Tanzania,"Tanner, R.",,,,5974,Striga hermonthica Benth.,,,,"Word after ""growing in"" illegible.",4000 Feet,1219.2,,Metres,,,,,,"Bwanga, Biharamulo, West Lake Province",,,,,,
K000865170,K,Sheet,07/02/2018,09-Feb-2018 01:31:25,Striga,hermonthica,(Delile) Benth.,,Tanzania,,1959-04-13,false,,,In valley in light forest near cultivation,"In flower lilacpink. Aromatic. Upright, growing singly, height 8 to 9 ins. Single stem.",,Tanzania,"Tanner, R.",,,,4142,Striga hermonthica Benth.,,,Mara,,4100 Feet,1249.68,,Metres,,,,,,"Ikizu - Musoma, Lake Prov.",,,,,,
K000865171,K,Sheet,07/02/2018,16-Feb-2018 23:13:06,Striga,hermonthica,(Delile) Benth.,,Tanzania,,1925,false,,,,,,Tanzania,"Davis, R.L.",,,,2,Striga hermonthica Benth.,,,Mwanza,,,,,,,,,,,Mwanza,,,,,,Shiduha
K000865172,K,Sheet,07/02/2018,,Striga,hermonthica,(Delile) Benth.,,Tanzania,2008,1945-05-02,false,,,"Locally dominant in patches, growing on the roots of Sorghums and Pennisetums in native grain fields and frequently becoming such a pest that the cereals do not reach maturity and whole areas have to be abandoned for the purposes of cultivation.",An annual more or less branched herb up to 3 ft. tall with dense spikes of pinkish magenta flowers,"Ghazanfar, S.",Tanzania,"Greenway, P.J.",,,,7392,Striga hermonthica Benth.,,,,,4000 Feet,1219.2,,Metres,,,,,,"Nira, Mwanza-Sihyanga Road, Lake Province.",,,,,,Kituha (Kisukum.)
K000865173,K,Sheet,07/02/2018,07-Feb-2018 21:29:15,Striga,hermonthica,(Delile) Benth.,,Tanzania,2008,1959-06-01,false,,,On black cotton soil. In grass.,"Single stem upright in flower rich lilac, not aromatic. Hight up to 3 ft. Growing singly.","Ghazanfar, S.",Tanzania,"Tanner, R.",,,,4290,Striga hermonthica Benth.,,,Mara,,3800 Feet,1158.24,,Metres,,,,,,"Mubango, Musoma, Lake Province.",,,,,,
K000865174,K,Sheet,07/02/2018,,Striga,hermonthica,(Delile) Benth.,,Tanzania,,1923-03-03,false,,,"parasitic on ""mtama"" and other Gramineae. Where it appears in a ""mtama"" field the growth is arrested and gradually dies.",,,Tanzania,"Edwards, L.C.",,,,,Striga hermonthica Benth.,,,Mwanza,,,,,,,,,,,Mwanza,,,,,,Lala (Kisuhuma)
K000865175,K,Sheet,07/02/2018,,Striga,hermonthica,(Delile) Benth.,,Tanzania,,,false,,,,,,Tanzania,"Koritschoner, H.",,,,2166,Striga hermonthica Benth.,,,Shinyanga,,,,,,,,,,,Shinyanga,,,,,,
K000865176,K,Sheet,18/02/2018,,Striga,hermonthica,(Delile) Benth.,Seen for F.T.E.A.;Striga hermonthica Benth.,Tanzania,,1931-05-25,false,,,Native cultivation of Sorghum,Pink flowered herb.;Great profusion in some fields,,Tanzania,"Burtt, B.D.",,,,2448,Striga hermonthica Benth.,,,Shinyanga,,3600,,,,,,,,,"Shinyanga, Tanganyika Terr.",,,,,,
K000865177,K,Sheet,16/02/2018,,Striga,hermonthica,(Delile) Benth.,,Tanzania,,1931-05-15,false,,,among tall Hypanhenia and Sorghum versicolor grasses in black soil seasonal swamp land,spectacular pink flowered herb,,Tanzania,"Burtt, B.D.",,,,2423,Striga hermonthica Benth.,,,Shinyanga,,3600 Feet,1097.28,,Metres,,,,,,along the Seke River,,,,,,
K000865178,K,Sheet,16/02/2018,,,,,,Tanzania,,1932/1933,false,,,"amongst grass cleared acacia, comm. ground",pink,,Tanzania,"Bax, Romola D.",,,,293,Striga hermonthica Benth.,,,Shinyanga,,,,,,,,,,,near Shinyanga,,,,,,
K000865179,K,Sheet,16/02/2018,,Striga,hermonthica,(Delile) Benth.,,Tanzania,,1933,false,,,"growing on cultivated land, a parasite on sorghums, common","Annual herb up to 1½ ft, purple flowers",,Tanzania,"Emson, H.E.",,,,348,Striga hermonthica Benth.,,,Mara,,,,,,,,,,,Musoma,,,,,,
K000865180,K,Sheet,07/02/2018,,Striga,hermonthica,(Delile) Benth.,Striga hermonthica (Delile) Benth.,Benin,,1998-10-27,false,,,Champ. Sol ferrugineux plateau.,,"Lisowski, S.",Benin,"Houngnon, P",,,,6403,Striga hermonthica Benth.,,,Borgou,Not sure about abbreviation d.d. before date,,,,,11°43'N,11,43,,N,"BENIN, BORGOU, MALANVILLE, Guéné.",3°13'E,3,13,,E,
K000865181,K,Sheet,16/02/2018,,Striga,hermonthica,(Delile) Benth.,,Niger,,,false,,,,,,Niger,"Bauha, Reinhold",,,,36,Striga hermonthica Benth.,,,Tillabéri,,,,,,,,,,,"Tarkannais, Filingué, Saherzae",,,,,,
K000865182,K,Sheet,07/02/2018,,Striga,hermonthica,(Delile) Benth.,Striga hermonthica (Delile) Benth.,Nigeria,,1973-09-01,false,,,"Beside a path, in full light in a farm at Mbamnga",An erect annual up to 2 ft. tall with attractive purple flowers in terminal spike.,,Nigeria,"Chapman, J.D.",,,,3198,Striga hermonthica Benth.,,,Taraba,,5000 Feet,1524,,Metres,,,,,,"North East;Sardauna Province, Mambilla Plateau",,,,,,
K000865183,K,Sheet,16/02/2018,,Striga,hermonthica,(Delile) Benth.,,Nigeria,,1973-09-01,false,,,beside a path in full light,erect annual up to 2 ft tall with attractive purple flowers in terminal spike,,Nigeria,"Chapman, J.D.",,,,3109,Striga hermonthica Benth.,,,Taraba,,5000 Feet,1524,,Metres,,,,,,"Sardauna Province, Mambilla plateau, farm at Mbanga",,,,,,
K000865184,K,Sheet,07/02/2018,,Striga,hermonthica,(Delile) Benth.,Striga hermonthica (Del.) Benth.,Nigeria,,1971-09-16,false,,,Dioscorea plot,"Herb up to 18"" high.  Stem hirsute; upper surface of leaf coarse.  Petals tubular below, 4-lobed above and pinkish.  Anthers black.",,Nigeria,Gbile,Wit,Daramola,,,Striga hermonthica Benth.,,,Taraba,,,,,,,,,,,"Kwara, Ilorin, Elekoyangen Ilorin Bacita Rd.",,,,,,
K000865185,K,Sheet,07/02/2018,,Striga,hermonthica,(Delile) Benth.,"Striga hermonthica (Del.) Benth.;Seen for Revised Edition of ""F.T.W.A.""",Nigeria,1956-06-19,1905-11-21,false,,,Common in fields and waste places,,"Hepper, F.N.",Nigeria,"Dalziel, Dr J.M.",,,,,Striga hermonthica Benth.,,,,,,,,,,,,,,Kontagora,,,,,,
K000865186,K,Sheet,07/02/2018,,Striga,hermonthica,(Delile) Benth.,Striga hermonthica (Del.)Benth.;Seen for Revised Edition of F.T.W.A.,Nigeria,1956-06-19,1921-11,false,,,,,"Hepper, F.N.",Nigeria,"Moiser, Dr.B",,,,,Striga hermonthica Benth.,,,,Location unreadable on brown label,,,,,,,,,,Northern Nigeria,,,,,,
K000865187,K,Sheet,07/02/2018,,Striga,hermonthica,(Delile) Benth.,Striga hermonthica (Del.) Benth.;Seen for revised edition of F.T.W.A.,Nigeria,1956-06-19,,false,,,,,"Hepper, F.N.",Nigeria,"Ryan, F.D.",,,,,Striga hermonthica Benth.,,,Sokoto,Label Annotated:- 28;Recd. 15/7/1916,,,,,,,,,,"N. Nigeria, Sokoto",,,,,,
K000865188,K,Sheet,07/02/2018,07-Feb-2018 21:37:04,Striga,hermonthica,(Delile) Benth.,,Nigeria,1956-06-19,1915-02-05,false,,,,,"Hepper, F.N.",Nigeria,"Ryan, F.D.",,,,58,Striga hermonthica Benth.,,,Guadabawa District,,,,,,,,,,,Sokoto,,,,,,Gudugi
K000865189,K,Sheet,16/02/2018,,Striga,hermonthica,(Delile) Benth.,,Nigeria,1956-06-19,1921,false,,,"in farms, , especially corn","herb about 2 ft high, flowers bright mauve pink, stems very brittle","Hepper, F.N.",Nigeria,"Lely, H.V.",,,,590,Striga hermonthica Benth.,,,Kaduna,,,,,,,,,,,Kadaura,,,,,,
K000865190,K,Sheet,16/02/2018,,Striga,hermonthica,(Delile) Benth.,,Nigeria,1956-06-19,1921-11-03,false,,,,,"Hepper, F.N.",Nigeria,"Lely, H.V.",,,,590,Striga hermonthica Benth.,,,Kaduna,,,,,,,,,,,Kadaura,,,,,,
K000865191,K,Sheet,18/02/2018,,Striga,hermonthica,(Delile) Benth.,Seen for Revised Edition of F.W.T.A;Striga hermonthica (Del.) Benth.,Nigeria,1956-06-19,1904-11-19,false,,,,Weed,"Hepper, F.N.",Nigeria,"Elliott, Mrs.",,,,128,Striga hermonthica Benth.,,,Borno,,,,,,,,,,,"Maigumeri, Bornu, N.Nigeria",,,,,,
K000865192,K,Sheet,16/02/2018,,Striga,hermonthica,(Delile) Benth.,,Nigeria,1956-06-19,1910,false,,,,,"Hepper, F.N.",Nigeria,"Talbot, P.A.",,,,310,Striga hermonthica Benth.,,,Benue,,,,,,,,,,,R. Benue,,,,,,
K000865193,K,Sheet,07/02/2018,,Striga,hermonthica,(Delile) Benth.,,Nigeria,,1957-11-3,false,,,Very poor gravelly soil old farmland with thin vegetation. Associated with Pennisetum.;Alt. 220m. (700 ft.),"Erect semi-parasite herb growing nearby the larger flowered form which seems to be indistinguishable apart from corolla size and slight differences in indumentum in throat of corolla, inflorescence more congested, not as common, in fact only seen here in","Hepper, F.N.",Nigeria,"Hepper, F.N.",,,,,Striga hermonthica Benth.,,,,,,,,,,,,,,"KOFARE, 3 miles west of JIMETA",,,,,,
K000865194,K,Sheet,07/02/2018,,Striga,hermonthica,(Delile) Benth.,,Nigeria,,1957-10-28,false,,,"Parasitising guinea corn, but not seen on any  other crop although common on it. ;Alt. 1130m. (3700 ft.)","Erect herb, c. 40cm. high, foliage dark green tinged reddish; flowers varying in size from plant to plant, bright red.",,Nigeria,F.N.Hepper,,,,1162,Striga hermonthica Benth.,,,North nigeria,,,,,,,,,,,1 mile north of NARAGUTA village.,,,,,,
K000865195,K,Sheet,07/02/2018,07-Feb-2018 21:56:29,Striga,hermonthica,(Delile) Benth.,,Nigeria,,1957-12-4,false,,,Parasitic on guinea corn.,Flowers crimson.,,Nigeria,"Harris, E.",,,,9,Striga hermonthica Benth.,,,,,,,,,,,,,,"Mokwa, Niger Province, N. Nigeria",,,,,,
K000865196,K,Sheet,07/02/2018,,Striga,hermonthica,(Delile) Benth.,,Nigeria,,1962-12-2,false,,,Guinea corn field,Herb purple brown,,Nigeria,"D.Head,",,,,109,Striga hermonthica Benth.,,,,,,,,,,,,,,Sandauna Province,,,,,,
K000865197,K,Sheet,07/02/2018,,Striga,hermonthica,(Delile) Benth.,,Nigeria,,1963-11-1,false,,,corn farm site.,"Common herbaceous weed 2ft. high. Flowers zygomorphic, deep pink.",,Nigeria,J.A.D.Jackson,,,,119,Striga hermonthica Benth.,,,"Zaria, Kaduna",,,,,,,,,,,Near Ungurar Rimi on outskirts S. of Kaduna. Guinea,,,,,,
K000865198,K,Sheet,07/02/2018,,Striga,hermonthica,(Delile) Benth.,,Nigeria,,,false,,,Guinea corn farm.,"Erect herb upto lft. high, stems and leaves scabrid. Flowers bright pink.",,Nigeria,J.Olorunfemi,,,,55046,Striga hermonthica Benth.,,,"Zaria, Kujama",,,,,,,,,,,"Buruku Village, Kaduna - Kontagora Motor road. Savanna.",,,,,,
K000865199,K,Sheet,07/02/2018,14-Feb-2018 22:49:31,Striga,hermonthica,(Delile) Benth.,,Nigeria,1956-6-19,,true,,,,Ornamental flowers purple or red.,"Hepper, F.N.",Nigeria,[Baxter],,,,136,Striga hermonthica Benth.,,,,,,,,,,,,,,"Sand banks at Aboh, Niger Est.",,,,,,
K000865200,K,Sheet,07/02/2018,,Striga,hermonthica,(Delile) Benth.,,Nigeria,1956-6-19,,false,,,,,J.N.Heppert,Nigeria,J.D.Kennedy,,,,2894,Striga hermonthica Benth.,,,,"Can't read the handwriting so guessed ""J.N.Heppert""",,,,,,,,,,,,,,,,
K000865201,K,Sheet,07/02/2018,,Striga,hermonthica,(Delile) Benth.,,Nigeria,1973-11-19,1973-11-19,false,,,growing on corn in Botany Department of university,,"Lowe, J.",Nigeria,"Lowe, J.",,,,2760,Striga hermonthica Benth.,,,Oyo,,,,,,,,,,,University of Ibadan,,,,,,
K000865202,K,Sheet,07/02/2018,17-Feb-2018 00:04:52,Striga,hermonthica,(Delile) Benth.,,Nigeria,1988-11-18,1988-11-18,false,,,Semi-parasite on Guinea Corn (Sorghum).,Flowers bright pink.,"Lowe, J.",Nigeria,"Lowe, J.",,,,4828,Striga hermonthica Benth.,,,Oyo,,,,,,,,,,,Between Zaria and Kano (site of new tollgates).,,,,,,
K000865203,K,Sheet,18/02/2018,,Striga,hermonthica,(Delile) Benth.,Striga hermonthica (Del.) Benth.,Nigeria,1975-05-18,1974-11-21,false,,,In Dawa farm.,"Herb of about 25 cm high, Flowers red-purple.","Gbile, Z.D.",Nigeria,"Gbile, Z.D.",Daramola,Mogaji,,72899,Striga hermonthica Benth.,,,Kaduna,,,,,,,,,,,"N-Central, Zaria;Between Shika and Samaru villages",,,,,,
K000865204,K,Sheet,07/02/2018,,Striga,hermonthica,(Delile) Benth.,,Nigeria,1968-12-12,1968-11-12,false,,,in guinea corn,"flowers bright pink, Methuen colour 15A5 to 15A7","Lowe, J.",Nigeria,"Lowe, J.",,,,1379,Striga hermonthica Benth.,,,Oyo,,,,,,,,,,,6 miles W of Bauchi,,,,,,
K000865205,K,Sheet,07/02/2018,08-Feb-2018 01:54:19,Striga,hermonthica,(Delile) Benth.,,Nigeria,,1952-01-04,false,,,In cotton-maize farm.,Herb about 1 ft high with pink flowers.,,Nigeria,"Ejiofor, M.C.",,,,FHI 30240,Striga hermonthica Benth.,,,Kwara,,,,,,,,,,,"Share-Emiworo path, Ilorin",,,,,,
K000865206,K,Sheet,07/02/2018,07-Feb-2018 23:35:22,Striga,hermonthica,(Delile) Benth.,,Nigeria,,1952-1-11,false,,,In Sorghum-Cassava farm.,"Herb about 10"" high. Flowers light violet pink.",,Nigeria,"Ejiofor, M.C.",,,,30811,Striga hermonthica Benth.,,,Ilorin,,,,,,,,,,,Onisaja.,,,,,,
K000865207,K,Sheet,07/02/2018,,Striga,hermonthica,(Delile) Benth.,,Nigeria,,1943-09-03,false,,,farmland on heavy alluvial silts near Niger river,flowers rich reddish-purple,,Nigeria,"Jones, A.P.D.",,,,FHI 3660,Striga hermonthica Benth.,,,Kogi,,,,,,,,,,,"Kabba province, Okene district, Lokoja",,,,,,
K000865208,K,Sheet,07/02/2018,17-Feb-2018 00:10:14,Striga,hermonthica,(Delile) Benth.,,Nigeria,,1946-11-28,false,,,"Farmland, bare after reaping Guinea corn.","Erect herb, to 18"" high. Flowers pale purplish-pink",,Nigeria,"Keay, R.W.J.",,,,FHI 21674,Striga hermonthica Benth.,,,Zaria,,,,,,,,,,,"Anchau, Takalafia.",,,,,,
K000865209,K,Sheet,07/02/2018,14-Feb-2018 21:40:02,Striga,hermonthica,(Delile) Benth.,,Nigeria,,1950-11-29,false,,,Roadside (Wasteland at edge of farm.),"Herb 6""-18"" high, flowers mauve-pink.",,Nigeria,"Mutch, M.I.",,,,FHI 27952,Striga hermonthica Benth.,,,Niger,,,,,,,,,,,Mokwa district,,,,,,
K000865210,K,Sheet,07/02/2018,,Striga,hermonthica,(Delile) Benth.,,Nigeria,,1949-09-29,false,,,"decomposed basalt, cornfields",height 1-2.6; leaves and stem rough and dark green; flowers purple red,,Nigeria,"Noble, H.L.(Mrs)",,,,30,Striga hermonthica Benth.,,,Borno,,2500 Feet,762,,Metres,,,,,,Biu,,,,,,
K000865211,K,Sheet,07/02/2018,,Striga,hermonthica,(Delile) Benth.,,Nigeria,1968-11-20,1968-11-20,false,,,in field of sorghum,flowers bright pink,"Lowe, J.",Nigeria,"Lowe, J.",,,,1671,Striga hermonthica Benth.,,,Gombe,,,,,,,,,,,10 miles N of Gombe,,,,,,
K000865212,K,Sheet,07/02/2018,07-Feb-2018 21:42:50,Striga,hermonthica,(Delile) Benth.,,Niger,,1995-09-10,false,,,Bord de route.,Plante herbacée en bordure de route en mélange avec H.B. 6629 (Schoenefeldia gracilis). Plante herbacée de 30-40 cm; hemiparasite. Fleurs bleues-mauves.,,Niger,"Breyne, H.",,,,6130,Striga hermonthica Benth.,,,Tahoua,,,,,,,,,,,"14 km N of Tabalakh, Région d'Abalak.",,,,,,
K000865213,K,Sheet,07/02/2018,,Striga,hermonthica,(Delile) Benth.,,Niger,1956-06-19,1927-10-08,false,,,dry ground,flowers red-violet,"Hepper, F.N.",Niger,"Hagerup, O.",,,,478,Striga hermonthica Benth.,,,Niamey,,,,,,,,,,,calamé du Niger,,,,,,
K000865214,K,Sheet,07/02/2018,,Striga,hermonthica,(Delile) Benth.,,Ghana,1967,1967-08-16,false,,,damp roadside,herb with pink flowers,"Enti, A.A.",Ghana,Hossain,Agyakwah,,,GC 37957,Striga hermonthica Benth.,,,Upper East,,,,,,,,,,,Winkogo to Tongo,,,,,,
K000865215,K,Sheet,07/02/2018,14-Feb-2018 22:52:25,Striga,hermonthica,(Delile) Benth.,,Nigeria,,1985-11-4,false,,,,,,Ghana,"Parkinson, V.",,,,A3,Striga hermonthica Benth.,,,,,,,,,,,,,,Mokwa,,,,,,
K000865216,K,Sheet,17/02/2018,,Striga,hermonthica,(Delile) Benth.,Striga hermonthica (Del.) Benth.,Ghana,1967,1967-08-16,false,,,On wet dampy grassland,"Herb, flowers pink","Enti, A.A.",Ghana,Hossain & Agyakwah,,,,37954,Striga hermonthica Benth.,,,Upper East,,,,,,,,,,,Winkogo to Tongro,,,,,,
K000865217,K,Sheet,07/02/2018,09-Feb-2018 01:37:58,Striga,hermonthica,(Delile) Benth.,,Ghana,,1967-8-14,false,,,,A herb with pink flowers turning black on drying,A.A.Enti.,Ghana,"Hossain, M.","Agyakwah, C.W.",,,37855,Striga hermonthica Benth.,,,,,,,,,,,,,,"Bongo, near Bolgotanga",,,,,,
K000865218,K,Sheet,07/02/2018,07-Feb-2018 23:27:05,Striga,hermonthica,(Delile) Benth.,,Ghana,,1950-12-04,false,,,Among grass on edge of millet field.,Flowers bright magenta. Up to 2' high.,,Ghana,"Adams, C.D.","Akpabla, G.K.",,,4107,Striga hermonthica Benth.,,,,,,,,,,,,,,"Br. Togoland. Near Oti river, Paliba.",,,,,,
K000865219,K,Sheet,07/02/2018,,Striga,hermonthica,(Delile) Benth.,,Ghana,,1958-3-22,false,,,,"White Volta, N.T., cultivated ground",,Ghana,F.N.Hepper & J.K.Morton,,,,A3160,Striga hermonthica Benth.,,,,,,,,,,,,,,,,,,,,
K000865220,K,Sheet,16/02/2018,,Striga,hermonthica,(Delile) Benth.,,Ghana,1956-06-19,1919-06-20,false,,,common parasite on the roots of guinea corn,,"Hepper, F.N.",Ghana,"Saunders, C.",,,,7,Striga hermonthica Benth.,,,,,,,,,,,,,,Gold coast,,,,,,
K000865221,K,Sheet,17/02/2018,,Striga,hermonthica,(Delile) Benth.,Seen for revised edition of F.W.T.A.;Striga hermonthica (Del.) Benth.,Ghana,1956-06-19,,false,,,,,"Hepper, F.N.",Ghana,"Lloyd Williams, R",,,,545,Striga hermonthica Benth.,,,,,,,,,,,,,,Gold Coast,,,,,,
K000865222,K,Sheet,17/02/2018,,Striga,hermonthica,(Delile) Benth.,Seen for revised edition of F.T.W.A.;Striga hermonthica (Del.) Benth.,Ghana,,1950-12-19,false,,,Cultivated ground.,Flowers bright magenta.,"Adams, C.D.",Ghana,"Adams, C.D.",,,,4419,Striga hermonthica Benth.,,,,,,,,,,,,,,Gold Coast N.T.  Near Burufo,,,,,,
K000865223,K,Sheet,17/02/2018,,Striga,hermonthica,(Delile) Benth.,Seen for revised edition of F.T.W.A.;Striga hermonthica (Del.) Benth.,Ghana,1956-06-19,1956-06-19,false,,,Locally frequent.  Heavy black clay in natural grassland. With Vetiveria-Brachiaria-Andropogon-etc. and invading ruderals.,"Small erect pink fpowered herb about 12"".","Rose Innes, R.",Ghana,"Rose Innes, R.",,,,30116,Striga hermonthica Benth.,,,Greater Accra,,,,,,5°40'N,5,40,,N,"Agricultural Research Station, Nungua, Gold Coast",0°06'W,0,6,,W,
K000865224,K,Sheet,17/02/2018,,Striga,hermonthica,(Delile) Benth.,Seen for revised edition of F.W.T.A.;Striga hermonthica (Del.) Benth.,Ghana,,1958-10-26,false,,,In sandy soil amongst crop of Guinea corn.,"Herb about 12"" high with pinkish-mauve flowers. Loc. v. freq.","Rose Innes, R.",Ghana,"Rose Innes, R.",,,,30748,Striga hermonthica Benth.,,,Northern,,,,,,10°32'N,10,32,,N,2.3 m. NW of Bunkpurugu on road to Nakpanduri,0°03'E,0,3,,E,
K000865225,K,Sheet,17/02/2018,,Striga,hermonthica,(Delile) Benth.,Striga hermonthica (Del.) Benth.,Ghana,,1951-12,false,,,Cultivated land,Flower rich pinkish purple.,,Ghana,"Morton, J.K.",,,,6214,Striga hermonthica Benth.,,,Northern,,,,,,,,,,,Tamale Rest House N.Ts,,,,,,
K000865226,K,Sheet,17/02/2018,,Striga,hermonthica,(Delile) Benth.,Striga hermonthica (Del.) Benth.,Ghana,,1965-08-27,false,,,Cultivated fields,Erect herb with conspicuous purple flowers.,"Hall, J.B.",Ghana,"Hall, J.B.",,,,400,Striga hermonthica Benth.,,,Northern,,,,,,,,,,,"Savelugu, Ghana",,,,,,
K000865227,K,Sheet,08/02/2018,,Striga,hermonthica,(Delile) Benth.,Seen Ghana Fl.;Striga hermonthica (Del.) Benth.,Ghana,,1954-12-27,false,,,In guinea corn fields,Flower bright pink,"Morton, J.K.",Ghana,"Morton, J.K.",,,,1394,Striga hermonthica Benth.,,,Northern,,,,,,,,,,,Gambaga;N.N.W. of the town,,,,,,
K000865228,K,Sheet,08/02/2018,,Striga,hermonthica,(Delile) Benth.,Seen Ghana Fl.;Striga hermonthica (Del.) Benth.,Ghana,,1955-12-12,false,,,In cult. savannah.,Fl. purple-pink.,"Morton, J.K.",Ghana,"Morton, J.K.",,,,9876,Striga hermonthica Benth.,,,Northern,,,,,,,,,,,"By Ziong, Tamale Road,",,,,,,
K000865229,K,Sheet,19/02/2018,,Striga,hermonthica,(Delile) Benth.,,Ghana,,1951-12,false,,,In guinea corn fields.,Fl. rich pinkish purple.,,Ghana,"Morton, J.K.",,,,GC 6214,Striga hermonthica Benth.,,19,Northern,,,,,,,,,,,Tamale R.H.,,,,,,
K000865230,K,Sheet,08/02/2018,,Striga,hermonthica,(Delile) Benth.,,Ghana,,1961-08,false,,,,A purple-flowered herb to 3 ft. high,,Ghana,"Irvine, F.R.",,,,4581,Striga hermonthica Benth.,,,Northern Territory,,,,,,,,,,,5 miles from Tamale,,,,,,
K000865231,K,Sheet,08/02/2018,,Striga,hermonthica,(Delile) Benth.,,Ghana,,1961-08,false,,,,"A purple-flowered semi-parasitic plant, on groundnuts",,Ghana,"Irvine, F.R.",,,,4534,Striga hermonthica Benth.,,,Northern Territory,,,,,,,,,,,near Tamale,,,,,,
K000865232,K,Sheet,17/02/2018,,Striga,hermonthica,(Delile) Benth.,Seen for revised edition of F.W.T.A.;Striga hermonthica (Del.) Benth.,Nigeria,1956-06-19,1908-09-18,false,,,,,"Hepper, F.N.",Nigeria,"Parsons, Dr.A.C.",,,,,Striga hermonthica Benth.,,,Kogi,,,,,,,,,,,"Lokoja District, Northern Nigeria",,,,,,
K000865233,K,Sheet,17/02/2018,,Striga,hermonthica,(Delile) Benth.,Seen for Revised Edition of F.W.T.A.;Striga hermonthica (Del.) Benth.,Nigeria,1956-06-19,1912-12-09,false,,,Upon Sorghum,A Parasitic weed. Fl. pink.  Sp in triplicate,"Hepper, F.N.",Nigeria,"Lamb, P.H.",,,,s.n.,Striga hermonthica Benth.,,,Niger,,,,,,,,,,,Bida,,,,,,
K000865234,K,Sheet,08/02/2018,09-Feb-2018 01:39:55,Striga,hermonthica,(Delile) Benth.,,Nigeria,,1949-12-06,false,,,,,,Nigeria,"Meikle, R.D.",,,,746,Striga hermonthica Benth.,,,Kaduna,,,,,,,,,,,Kaduna,,,,,,
K000865235,K,Sheet,17/02/2018,,Striga,hermonthica,(Delile) Benth.,Striga hermonthica (Del.) Benth.,Nigeria,,1956-10-21,false,,,,,,Nigeria,"Harris, E. Miss",,,,5,Striga hermonthica Benth.,,2/2,Plateau,,,,,,,,,,,"Nigeria: Plateau Province, Langtang",,,,,,
K000865236,K,Sheet,08/02/2018,,Striga,hermonthica,(Delile) Benth.,,Nigeria,,1985-10-20,false,,,,,,Nigeria,"Parkinson, V.",,,,A4,Striga hermonthica Benth.,,,Borno,,,,,,,,,,,Maiduguri,,,,,,
K000865237,K,Sheet,08/02/2018,,Striga,hermonthica,(Delile) Benth.,,Nigeria,,1981-11-14,false,,,,"less than 1 m tall, root parasite in sorghum field; flowers reddish-violet",,Nigeria,"Croat, T.B.",,,,53417,Striga hermonthica Benth.,,,Kaduna,,1900:1950 Feet,579.12,594.36,Metres,10°05'N,10,5,,N,"Damari River Basin, 15 km up river from junction at Tubo river, vicinity of Mai-Gishiri",7°30'E,7,30,,E,
K000865238,K,Sheet,17/02/2018,,Striga,hermonthica,(Delile) Benth.,Striga hermonthica (Del.) Benth.,Nigeria,,1975,false,,,,,,Nigeria,"Magaji, S.O.",,,,660,Striga hermonthica Benth.,,,Kaduna,,,,,,,,,,,"N.Nigeria, Zaria",,,,,,
K000865239,K,Sheet,08/02/2018,17-Feb-2018 00:06:52,Striga,hermonthica,(Delile) Benth.,Extreme form.,Nigeria,,1949-09-29,false,,,Soil-decomposed basalt. Frequents cornfields.,Height 2-3 ft; stem and leaves very hairy; flowers small purple.,,Nigeria,Noble.H.L.,,,,31,Striga hermonthica Benth.,,,Bornu,,2500 Feet,762,,Metres,,,,,,Biu,,,,,,
K000865240,K,Sheet,17/02/2018,,Striga,hermonthica,(Delile) Benth.,Striga hermonthica (Benth.) Benth.,Nigeria,,1958-01-14,false,,,"Open Savannah woodland with Terminalia, Combretum & Anogeissus",Herb to 1 ft. high.  Flowers pinkish in colour.,,Nigeria,"Latilo, M.G.",,,,18214,Striga hermonthica Benth.,,,Kwara,,,,,,,,,,,"Province: Ilorin,  District: Ilorin, Esie",,,,,,
K000865241,K,Sheet,08/02/2018,09-Feb-2018 01:33:34,Striga,hermonthica,(Delile) Benth.,,Nigeria,,1956-09-26,false,,,On g'corn.,Flowers purple-pink.,,Nigeria,"Harris, E.",,,,3,Striga hermonthica Benth.,,,Kabba,,,,,,,,,,,"Dekina, Kabba Province.",,,,,,
K000865242,K,Sheet,08/02/2018,,Striga,hermonthica,(Delile) Benth.,,Nigeria,1994-03,1956-10-21,false,,,on upland rice,,"Mohamed, K.I.",Nigeria,"Harris, E. Miss",,,,5,Striga hermonthica Benth.,,1/2,Plateau,,,,,,,,,,,South Langtang,,,,,,
K000865243,K,Sheet,17/02/2018,,Striga,hermonthica,(Delile) Benth.,Seen for Revised Edition of F.W.T.A.;Striga hermonthica (Del.) Benth.,Nigeria,1956-06-19,,false,,,,,"Hepper, F.N.",Nigeria,[Collector Unknown],,,,866,Striga hermonthica Benth.,,,,"Collected during or before 1867;Unable to read handwritten collector (Barton, A.E.?) or location",,,,,,,,,,,,,,,,
K000865244,K,Sheet,08/02/2018,,Striga,hermonthica,(Delile) Benth.,,Nigeria,1956-06-16,1949-12-18,false,,,fields of guinea corn,"small herb 10""","Hepper, F.N.",Nigeria,"Davey, J.I.",,,,27126,Striga hermonthica Benth.,,,Dornu,,,,,,,,,,,Marte,,,,,,
K000865245,K,Sheet,08/02/2018,,Striga,hermonthica,(Delile) Benth.,,Gabon,,1990-11-14,false,,,cultivated millet field; host millet,,,Gambia,M.J.,,,,103,Striga hermonthica Benth.,,,Brikama Local Government Area,,,,,,13°17'N,13,17,,N,NW Brikana,16°39'W,16,39,,W,
K000865246,K,Sheet,08/02/2018,14-Feb-2018 21:45:15,Striga,hermonthica,(Delile) Benth.,,Gambia,,1990-11-14,false,,,Cultivated millet field; host millet.,,,Gambia,"Jones, M.",,,,104,Striga hermonthica Benth.,,,Brikama Local Government Area,,,,,,13°17'N,13,17,,N,"NW Brikama, Western Division.",16°39'W,16,39,,W,
K000865247,K,Sheet,17/02/2018,,Striga,hermonthica,(Delile) Benth.,Striga hermonthica (Del.) Benth.,Gambia,1990-11-14,1990-11-14,false,,,Cultivated millet field.  Host-millet,,"Jones, M.",Gambia,"Jones, Michael",,,,100,Striga hermonthica Benth.,,,Central River,M.J. = Michael Jones (Herbarium),,,,,13°17'N,13,17,,N,"North-West Brikana, Western Division, The Gambia",16°39'W,16,39,,W,
K000865248,K,Sheet,09/02/2018,14-Feb-2018 23:09:33,Striga,hermonthica,(Delile) Benth.,Seen for Revised Edition of F.W.T.A.; Striga hermonthica (Del.) Benth.,Gambia,1956-06-19,1865,false,,,,,"Hepper, F.N.",Gambia,"Baikie, W.B.",,,,s.n.,Striga hermonthica Benth.,,,,,,,,,,,,,,"Collected on the Niger, West Tropical Africa",,,,,,
K000865249,K,Sheet,09/02/2018,,Striga,hermonthica,(Delile) Benth.,Seen for Revised Edition of F.T.W.A.;Striga hermonthica (Del.) Benth.,Gambia,1956-06-19,1865,false,,,,,"Hepper, F.N.",Gambia,"Baikie, Dr.W.B.",,,,s.n.,Striga hermonthica Benth.,,,,,,,,,,,,,,"Collected on the Niger, West Tropical Africa",,,,,,
K000865250,K,Sheet,09/02/2018,,Striga,hermonthica,(Delile) Benth.,Striga hermonthica (Del.) Benth.,Gambia,1979-09-20,1979-09-20,false,,,,Parasitic weed of maize.  Pink fls.,"Terry, P.J.",Gambia,"Terry, P.J.",,,,3153,Striga hermonthica Benth.,,,Central River,,,,,,,,,,,"Sapu, MID",,,,,,Silo
K000865251,K,Sheet,09/02/2018,,Striga,hermonthica,(Delile) Benth.,Seen for Revised Edition of F.T.W.A.;Striga hermonthica (Del.) Benth.,Gambia,,1937,false,,,,,,Gambia,"Saunders, D.H.",,,,621,Striga hermonthica Benth.,,,,,,,,,,,,,,"West Africa, Gambia",,,,,,
K000865252,K,Sheet,09/02/2018,,Striga,hermonthica,(Delile) Benth.,Seen for the Revised Edition of F.T.W.A.;Striga hermonthica (del.) Benth.,Gambia,1956-06-19,1937,false,,,,,"Hepper, F.N.",Gambia,"Saunders, D.H.",,,,60,Striga hermonthica Benth.,,,,,,,,,,,,,,"West Africa, Gambia",,,,,,
K000865253,K,Sheet,09/02/2018,,Striga,hermonthica,(Delile) Benth.,Seen for the Revised Edition of F.T.W.A.;Striga hermonthica (Del.) Benth.,Gambia,1956-06-19,1923-07-16,false,,,,,"Hepper, F.N.",Gambia,"Brooks, A.J.",,,,19,Striga hermonthica Benth.,,,,,,,,,,,,,,,,,,,,
K000865254,K,Sheet,17/02/2018,,Striga,hermonthica,(Delile) Benth.,,Gambia,,1978-10-26,false,,,,Small blue flower,,Gambia,"Garland, S.",,,,179,Striga hermonthica Benth.,,,,,,,,,,,,,,Gaya near Kano,,,,,,Sawoki (Hansa)
K000865255,K,Sheet,09/02/2018,,Striga,hermonthica,(Delile) Benth.,,Senegal,,1969-10-20,false,,,rock outcrop,"small herb, flowers pink","Hepper, F.N.",Senegal,"Hepper, F.N.",,,,3721,Striga hermonthica Benth.,,,Tambacounda,,,,,,,,,,,"Bakel, rock outcrop by fort",,,,,,
K000865256,K,Sheet,09/02/2018,,Striga,hermonthica,(Delile) Benth.,,Senegal,,1977-10-06,false,,,,bracts with ciliate midrib . Parasite on rice. Individual plant apparently intermediate between S. hermonthica (1980) and S. aspera (1978) in calyx and corolla tube characters. Flowers deep mauve.,,Senegal,"Parker, C.",,,,1979,Striga hermonthica Benth.,,,Tambakounda,,,,,,,,,,,Santiou Meleme,,,,,,
K000865257,K,Sheet,09/02/2018,,Striga,hermonthica,(Delile) Benth.,,Senegal,1956-06-19,,false,,,,,"Hepper, F.N.",Senegal,"Lecard, F.",,,,,Striga hermonthica Benth.,,,,question mark on country.,,,,,,,,,,,,,,,,
K000865258,K,Sheet,09/02/2018,,Striga,hermonthica,(Delile) Benth.,,Côte d'Ivoire,,1992-09-02,false,,,"in grassland between trial plots, also abundant on maize and sorghum trials ; parasite of Rottboellia cochinchinensis",,,Ivory Coast,"Riches, C.R.",,,,228,Striga hermonthica Benth.,,,Savanes,,,,,,,,,,,"IDSSA Research Station, Ferkessédougou",,,,,,
K000865259,K,Sheet,09/02/2018,,Striga,hermonthica,(Delile) Benth.,,Côte d'Ivoire,,1992-09-02,false,,,"common parasite in upland rice fields, also found on maize",flowers pink/purple,"Riches, C.R.",Ivory Coast,"Riches, C.R.",,,,226,Striga hermonthica Benth.,,,Savanes,,,,,,,,,,,5 km S Ferkessédougou,,,,,,
K000865260,K,Sheet,17/02/2018,,Striga,hermonthica,(Delile) Benth.,,Côte d'Ivoire,,,false,,,Occasional plant on local sorghum variety.  Growing among weedy Digitaria sp (horizontalis?),,"Riches, C.R.",Ivory Coast,"Riches, C.R.",,,,236,Striga hermonthica Benth.,,,Savanes,,,,,,,,,,,"Zaguinaso, 64 Km north Boundiali, Northern Ivory Coast",,,,,,
K000865261,K,Sheet,17/02/2018,,Striga,hermonthica,(Delile) Benth.,Striga hermonthica (Del.) Benth,Côte d'Ivoire,,1992-09-04,false,,,Abundant and very damaging on upland rice variety Igwape.  Also very common on maize in this area. S. asiatica mixed in with S. hermonthica here.,Flowers purple,"Riches, C.R.",Ivory Coast,"Riches, C.R.",,,,242,Striga hermonthica Benth.,,,Savanes,,,,,,,,,,,"10 km S.W. Korhogo, North Ivory Coast",,,,,,
K000865262,K,Sheet,10/02/2018,14-Feb-2018 21:52:19,Striga,hermonthica,(Delile) Benth.,,Côte d'Ivoire,,1992-09-03,false,,,Parasitic on upland rice. Occasional plants in dense infestation of S. aspera.,,"Riches, C.R.",Ivory Coast,"Riches, C.R.",,,,234,Striga hermonthica Benth.,,,Boundiali,"Label name of: ""Weed Research Organization Yarnton, Oxford OX5 1PF"" is crossed out to read ""Weed Research Herbarium. Duplicate at Long Ashton Research Station Bristol""",,,,,,,,,,"Kouto, 45km north Boundiali, northern Ivory Coast.",,,,,,
K000865263,K,Sheet,17/02/2018,,Striga,hermonthica,(Delile) Benth.,Striga hermonthica (Del.) Benth,Côte d'Ivoire,1991-04-11,1967-09-17,false,,,,"Herb, pale green.  Corolla lilac, lower lobes paler.  Weed.","Raynal, A.",Ivory Coast,"Geerling, C.","Bokdam, J",,,934,Striga hermonthica Benth.,,,Zanzan,,,,,,9°39'N,9,39,,N,"Varalé, 60 km. N. of Bouna,",3°27'W,3,27,,W,
K000865264,K,Sheet,10/02/2018,,Striga,hermonthica,(Delile) Benth.,Striga hermonthica (Del.) Benth,Togo,,1983-11-20,false,,,Champ de Sorgho bord de bas fond sur alluvions anciennes,fleurs mauves;;15-75 cm,,Togo,Pasch,,,,7916,Striga hermonthica Benth.,,,Savanes,"Meaning of ""Double à: K""?;Also figures 1006 just above loc:",120 Metres,120,,Metres,10°26'N,10,26,,N,Naybati - 7 km N de Mango,0°28'E,0,28,,E,
K000865265,K,Sheet,10/02/2018,,Striga,hermonthica,(Delile) Benth.,Striga hermonthica (Del.) Benth.,Togo,,1983-11-17,false,,,Jachères recentes/parc; bas de versant colluvionné.  Amphibolites,fleur mauve-lila parasite du mil,,Togo,Pasch,,,,7846,Striga hermonthica Benth.,,,Savanes,Meaning of Double a: K   also numeral 1135?,260 Metres,260,,Metres,10°56'N,10,56,,N,Savanes-Dapaong,0°17'E,0,17,,E,Tschèquè (Tchokossi)
K000865266,K,Sheet,10/02/2018,17-Feb-2018 01:08:19,Striga,hermonthica,(Delile) Benth.,Flora von Togo (West Afrika);Striga hermonthica Benth.,Togo,1977-10-10,1977-10-10,false,,,Sorghumfeld.,Auf Sorghum.,"Scholz, U.",Togo,"Ern, H.","Leuenberger, B.","Scholz, H.","Scholz, U.",1477,Striga hermonthica Benth.,,,Savanes,,,,,,10°53'N,10,53,,N,"ca. 7 km NE Dapaon (Dapango), an der straße nach Korbongou.",0°16'E,0,16,,E,
K000865267,K,Sheet,10/02/2018,,Striga,hermonthica,(Delile) Benth.,Flora von Togo (West Afrika);Striga hermonthica (Del.) Benth.,Togo,1976-09-08,1976-09-08,false,,,Hirsefelder,"Parasit auf Hirse, die sichtlich geschädigt wird.  Blüten violett.","Ern, H.",Togo,"Ern, H.",,,,406,Striga hermonthica Benth.,,,Savanes,,,,,,,,,,,Dapango,,,,,,
K000865268,K,Sheet,10/02/2018,,Striga,hermonthica,(Delile) Benth.,Flora da Guiné Portuguesa;Striga hermonthica (Del.) Benth,Guinea-Bissau,,1962-12-06,false,,,,Erva dos campos de milho.,"Alves Pereira, J.",Guinea Bissau,"Alves Pereira, J.",,,,3580,Striga hermonthica Benth.,,,Bafatá,,,,,,,,,,,Bafatá: Geba,,,,,,
K000865269,K,Sheet,17/02/2018,,Striga,hermonthica,(Delile) Benth.,Seen for revised edition of F.W.T.A.;Striga hermonthica (Del.) Benth.,Guinea-Bissau,,1951-11-20,false,,,Erva anual des terrenos cultiva.,des Flores rosadas,,Guinea Bissau,[Collector Unknown],,,,2960,Striga hermonthica Benth.,,,Gabú,,,,,,,,,,,"Gabu, Canquelifá",,,,,,"Padjadinca, Data, assassinio"
K000865270,K,Sheet,17/02/2018,,Striga,hermonthica,(Delile) Benth.,Seen for revised edition of F.W.T.A.;Striga hermonthica (Del.)Benth.,Guinea-Bissau,,1955-10-26,false,,,"Erva anual dos terrenos baixos, lui midos.",Flores rosadas.,,Guinea Bissau,[Collector Unknown],,,,3520,Striga hermonthica Benth.,,,Gabú,,,,,,,,,,,"Gabu, Nhampassaré",,,,,,
K000865271,K,Sheet,10/02/2018,,Striga,hermonthica,(Delile) Benth.,See for Revised Edition of F.W.T.A.;Striga hermonthica (Del.) Benth.,Guinea-Bissau,1956-06-19,1950-10-20,false,,,,Erva anual dos milharais.  Lilaz aver-melhadas. Fl. e Fr. X.,"Hepper, F.N.",Guinea Bissau,"Viegas da Graça Espirito Santo, Joaquim",,,,2796,Striga hermonthica Benth.,,,Bafatá,,,,,,,,,,,arredores,,,,,,"Fula,  Şiló"
K000865272,K,Sheet,10/02/2018,,Striga,hermonthica,(Delile) Benth.,"Studies in the Genus Striga, Old Dominion University;Striga hermonthica (Del.) Benth.",Yemen,1985-12-02,1971-08-19,false,,,,Serious parasite of sorghum,"Musselman, Lytton J.",Yemen,"Watt, M.",,,,B18,Striga hermonthica Benth.,,,Al Hudaydah,"Label:- Pollen material from this specimen sent to N. Dutta, India, 10.07.1986.",,,,,,,,,,"Zabid, Y.A.R. Yemen",,,,,,
K000865273,K,Sheet,10/02/2018,,Striga,hermonthica,(Delile) Benth.,Striga hermonthica (Del.) Benth.,Yemen,,1985-10-28,false,,,"Bare soil on terrace for cultivation, adjacent to wadi.","Pinkish-perple flowers arranged in dense spike.  Lower lip 3-lobed, upper lip one-lobed.  Leaves dark green, lanceolate, roughly hairy, arranged in ""knots"" along stem.",,Yemen,[Collector Unknown],,,,22,Striga hermonthica Benth.,,,Al Hudaydah,,1200 Metres,1200,,Metres,,,,,,Y.A.R. Wadi Siham. 5Km E of Madinat al Abid,,,,,,
K000865274,K,Sheet,10/02/2018,,Striga,hermonthica,(Delile) Benth.,Striga hermonthica (Del.) Benth.,Yemen,,1987-08-21,false,,,Rocky hillside,,,Yemen,"Cope, T.","Murtland, R.",,,111,Striga hermonthica Benth.,,,Ibb,,1650 Metres,1650,,Metres,14°03'N,14,3,,N,12 km north of Ibb on the Sana'a road,44°09'E,44,9,,E,
K000865275,K,Sheet,10/02/2018,14-Feb-2018 23:10:50,Striga,hermonthica,(Delile) Benth.,Striga hermonthica (Del.) Benth.,Yemen,1985-12-02,1976-11,false,,,,,"Musselman, L.J.",Yemen,"Pratt, D.",,,,YS 102,Striga hermonthica Benth.,,,Al Hudaydah,,300 Metres,300,,Metres,,,,,,Wadi Rima,,,,,,
K000865276,K,Sheet,10/02/2018,17-Feb-2018 01:09:58,Striga,hermonthica,(Delile) Benth.,Striga hermonthica (Del.) Benth.,Yemen,,1987-08-18,false,,,Rocky hillside with terraces.,,,Yemen,"Cope, T.","Murtland, R.",,,51,Striga hermonthica Benth.,,,Ta'izz,,1800 Metres,1800,,Metres,13.13,13,7,48,N,3-4 km west of Turbah.,44.05,44,3,0,?,
K000865277,K,Sheet,10/02/2018,14-Feb-2018 23:06:10,Striga,hermonthica,(Delile) Benth.,Striga hermonthica (Del.) Benth.,Yemen,1985-12-02,1976-02-08,false,,,Sorghum field,,"Musselman, L.J.",Yemen,"Pratt, D.",,,,YS 70,Striga hermonthica Benth.,,,Al Hudaydah,,100 Metres,100,,Metres,,,,,,Lower Wadi Rima,,,,,,
K000865278,K,Sheet,19/02/2018,,Striga,hermonthica,(Delile) Benth.,Striga hermonthica (Del.) Benth.,Yemen,1985-12-02,1975-12-20,false,,,Coastal plain moderately coarse alluvial sediments,No use.;Purple flowers,"Musselman, Lytton J.",Yemen,"Acres, B.",,,,17,Striga hermonthica Benth.,,,Al Hudaydah,,120 Metres,120,,Metres,,,,,,"Wadi Rima, N.Yemen",,,,,,Odar
K000865279,K,Sheet,10/02/2018,,Striga,hermonthica,(Delile) Benth.,Striga hermonthica (Del.) Benth.,Yemen,1985-12-02,1975-10-19,false,,,very occasional here but north east of Taiz abundant in one field,Erect semi parasitic or on Sorghum. Flowers bright pink,"Musselman, Lytton J.",Yemen,"Hepper, F.N.","Wood, J.R.I.",,,5832,Striga hermonthica Benth.,,,Ta'izz,,1300 Metres,1300,,Metres,,,,,,"Y.A.R.: TAIZ north side of town near large new hospital, natural climax Euphorbietum (E. cactus)",,,,,,
K000865280,K,Sheet,10/02/2018,,Striga,hermonthica,(Delile) Benth.,Striga hermonthica (Del.) Benth.,Yemen,1985-12-02,1975-10-24,false,,,Sorghum field,Field weed parasitising sorghum; flowers bright pink.,"Musselman, Lytton J.",Yemen,"Hepper, F.N.","Wood, J.R.I.",,,6080,Striga hermonthica Benth.,,,Al Hudaydah,,250 Metres,250,,Metres,14°32'N,14,32,,N,"Y.A.R.: c. 20km. E. of BAYT AL FAQIH, eastern edge of Tihama",43°25'E,43,25,,E,
K000865281,K,Sheet,10/02/2018,,Striga,hermonthica,(Delile) Benth.,Striga hermonthica (Del.) Benth.,Egypt,1986,1923-08-10,false,,,,,"Snogerup, B.",Egypt,"Simpson, N.D.",,,,2166,Striga hermonthica Benth.,,,,,,,,,,,,,,"Bank of the Nile in a patch of young sugar cane, N of the Delta Barrage",,,,,,Ward
K000865282,K,Sheet,10/02/2018,,Striga,hermonthica,(Delile) Benth.,Striga hermonthica (Del.) Benth.,Egypt,1986,,false,,,,,"Snogerup, B.",Egypt,[Collector Unknown],,,,s.n.,Striga hermonthica Benth.,,,,"Stamped Herbarium Hookerianum 1867, presumably collected in that year or before.",,,,,,,,,,,,,,,,
K000865283,K,Sheet,10/02/2018,17-Feb-2018 01:04:06,Striga,hermonthica,(Delile) Benth.,Striga hermonthica (Del.) Benth.,Egypt,1986,1836,false,,,,,"Snogerup, B.",Egypt,[illegible],,,,s.n.,Striga hermonthica Benth.,,,,"Stamped Herbarium Benthamianum 1854, so collected during or before 1854",,,,,,,,,,,,,,,,
K000865284,K,Sheet,10/02/2018,,Striga,hermonthica,(Delile) Benth.,Striga hermonthica (Del.) Benth.,Egypt,1986,,false,,,,,"Snogerup, B.",Egypt,[Collector Unknown],,,,s.n.,Striga hermonthica Benth.,,,,"Stamped Herbarium Benthamianum 1854, so collected during or before 1854",,,,,,,,,,,,,,,,
K000865285,K,Sheet,11/02/2018,,Striga,hermonthica,(Delile) Benth.,Striga hermonthica (Del.) Benth.,Egypt,1986,1912-08-19,false,,,,,"Snogerup, B.",Egypt,"Bolland, B.G.C.",,,,743,Striga hermonthica Benth.,,,Cairo,,,,,,,,,,,Helwân.  N.v.,,,,,,
K000865286,K,Sheet,11/02/2018,,Striga,hermonthica,(Delile) Benth.,Striga hermonthica (Del.) Benth.,Egypt,1986,1881-02-20,false,,,,"ad radices Sorghi, Zeæ etc. parasitica; Ag.sup.","Snogerup, B.",Egypt,Letourneux.A.,,,,s.n.,Striga hermonthica Benth.,,,Luxor,Difficult handwriting in Latin? by French botanist.,,,,,,,,,,In planitic Egebaica prope Louqsor,,,,,,
K000865287,K,Sheet,11/02/2018,,Striga,hermonthica,(Delile) Benth.,Striga hermonthica (Del.) Benth,Egypt,1986,1850-12-20,false,,,,,"Snogerup, B.",Egypt,[Collector Unknown],,,,s.n.,Striga hermonthica Benth.,,,Luxor,Unable to read complete text of contemporaneous labels 1850,,,,,,,,,,"Near Thebes, Upper Egypt",,,,,,Hyena's Rose
K000865288,K,Sheet,19/02/2018,19-Feb-2018 22:49:39,Striga,hermonthica,(Delile) Benth.,Striga hermonthica (Del.) Benth.,Egypt,1986,1850-12-20,false,,,,,"Snogerup, B.",Egypt,"Bromfield, W.A.",,,,s.n.,Striga hermonthica Benth.,,,Luxor,,,,,,,,,,,"Near Thebes, Upper Egypt",,,,,,Hyena's Rose (Ameen)
K000865289,K,Sheet,19/02/2018,,Striga,hermonthica,(Delile) Benth.,Striga hermonthica (Del.) Benth.,Egypt,1986,1881-02-02,false,,,,,"Snogerup, B.",Egypt,"Joad, G.C.",,,,s.n.,Striga hermonthica Benth.,,,,,,,,,28°56'N,28,56,,N,Egypt near Feshu,,,,,,
K000865290,K,Sheet,11/02/2018,,Striga,hermonthica,(Delile) Benth.,Striga hermonthica (Del.) Benth.,Egypt,1986,1846,false,,,,,"Snogerup, B.",Egypt,Pinard,,,,s.n.,Striga hermonthica Benth.,,,,,,,,,,,,,,Aegyptus,,,,,,
K000865291,K,Sheet,11/02/2018,,Striga,hermonthica,(Delile) Benth.,Striga hermonthica Benth.,Egypt,1986,,false,,,Fields and cultivated ground,,"Snogerup, B.",Egypt,[Collector Unknown],,,,s.n.,Striga hermonthica Benth.,,,,"Stamped 1867, so collected during or before that year.",,,,,,,,,,"Upper Egypt, but station forgotten to be noted.",,,,,,
K000865292,K,Sheet,17/02/2018,,Striga,hermonthica,(Delile) Benth.,Striga hermonthica (Del.) Benth.,Egypt,1986,1846-02,false,,,,,"Snogerup, B.",Egypt,"Boissier, E.",,,,s.n.,Striga hermonthica Benth.,,,Qena,"Ancient ""Hermonthis"" = Modern ""Armant""",,,,,,,,,,Aegyptus circa Hermonthis,,,,,,
K000865293,K,Sheet,11/02/2018,14-Feb-2018 23:04:35,Striga,hermonthica,(Delile) Benth.,,Saudi Arabia,,1982-04,false,,,Parasitic on Sorgum.,,,Saudi Arabia,"Lavranos, J.J.","Collenette, I.S.",,,20429,Striga hermonthica Benth.,,,Asir,,1200 Metres,1200,,Metres,,,,,,Jabal Fayfah,,,,,,
K000865294,K,Sheet,11/02/2018,,Striga,hermonthica,(Delile) Benth.,Striga hermonthica (Del.) Benth.,Saudi Arabia,1985-12-02,1825,false,,,,,"Musselman, Lytton J.",Saudi Arabia,"Ehrenberg, C.G.",,,,s.n.,Striga hermonthica Benth.,,,,,,,,,,,,,,Arabia Mar,,,,,,
K000865295,K,Sheet,11/02/2018,,Striga,hermonthica,(Delile) Benth.,Striga hermonthica (Del.) Benth.,Saudi Arabia,1985-12-02,1889-12-28,false,,,Sorghumfelder,,"Musselman, Lytton J.",Saudi Arabia,"Barbey, W.",,,,s.n.,Striga hermonthica Benth.,,,,Hard to read some of the abbreviations in German handwriting,,,,,,,,,,Marracca,,,,,,odār
K000865296,K,Sheet,11/02/2018,,Striga,hermonthica,(Delile) Benth.,Studies in the genus Striga;Old Dominion University,Saudi Arabia,1985-12-02,1980-03-09,false,,,Parasite on Sorghum.,"14-inch, leafy herb. Bright pinkish-lilac flowers 2.5 cm across. ;Very showy.","Musselman, Lytton J.",Saudi Arabia,"Collenette, J.S.",,,,2026,Striga hermonthica Benth.,,,,,100 Feet,30.48,,Metres,,,,,,"Near Junction of Ad-Darb, Abha-Gizan roads.",,,,,,
K000865297,K,Sheet,11/02/2018,19-Feb-2018 22:46:17,Striga,hermonthica,(Delile) Benth.,Striga hermonthica (Delile) Benth.,Namibia,,1973-05-02,false,,,Amongst Kaffir Corn (Sorghum),"Herb 2 feet height, flowers orchid. Men don't play with it, because it removes manliness and prevents erection of the penis. They spoil Kaffir Corn (Sorghum), so are pulled out.","Giess, W",Namibia,"Rodin, R.J.",,,,9379,Striga hermonthica Benth.,,,Ohangwena,,,,,,,,,,,Oshikango,,,,,,Onime = lion in Kwanyama
K000865298,K,Sheet,11/02/2018,14-Feb-2018 23:07:54,Striga,hermonthica,(Delile) Benth.,Striga hermonthica (Del.) Benth.,Mozambique,1960,,false,,,,,"Hepper, F.N.",Mozambique,"Forbes, J.",,,,s.n.,Striga hermonthica Benth.,,,,"From stamp, collected prior to 1867",,,,,,,,,,Mozambique,,,,,,
K000865299,K,Sheet,11/02/2018,,Striga,hermonthica,(Delile) Benth.,Seen for Flora of Tropical West Africa;Striga hermonthica Benth.,Uganda,,1862-08-14,false,,,Olig. in streets (unknown words),,,Uganda,"Speke and Grant, Capt's",,,,s.n.,Striga hermonthica Benth.,,,,"Unknown words on label, ? partly in Latin;NB Speke is Captain John Hanning Speke (1827-1864) Explorer searching for the Source of the Nile.",,,,,,,,,,"Unyoro, Uganda",,,,,,
K000865300,K,Sheet,11/02/2018,14-Feb-2018 23:02:25,Striga,hermonthica,(Delile) Benth.,"Seen for ""Flora of Tropical East Africa""",Uganda,,1908-10-15,false,,,,,,Uganda,"Kassner, T.",,,,3148,Striga hermonthica Benth.,,,,"Uganda or Congo? Today the course of the border between Uganda and Congo runs through Lake Albert.;Kassner-Expedition 1908 to the ""Belgian Congo"":;http://abergo1.e-monsite.com/album/eic-histoire/28-04-2016-80002.html;http://bibdigital.rjb.csic.es/Imagenes",,,,,,,,,,"Lake Albert, Nyanza. U2 Bunyoro.",,,,,,
K000865301,K,Sheet,11/02/2018,,Striga,hermonthica,(Delile) Benth.,,Uganda,,1996-10-20,false,,,"SR 66,02, in dry grassland along road",,,Uganda,"Lye, K.A.","Katende, A.B.",,,22074,Striga hermonthica Benth.,,,Western Region,,940 Metres,940,,Metres,0°01'N,0,1,,N,"Toro: Kasese district: Busongora county, 3 km N of Equatoria Road Junction.",30°00'E,30,0,,E,
K000865302,K,Sheet,11/02/2018,,Striga,hermonthica,(Delile) Benth.,Seen for Flora of Tropical East Africa;Striga hermonthica Benth.,Uganda,1926-07,1926-07,false,,,,Parasite in the roots of Cynodon dactylon a common grass,"Maitland, T.D.",Uganda,"Maitland, T.D.",,,,s.n.,Striga hermonthica Benth.,,,Eastern Region,,3700 Feet,1127.76,,Metres,,,,,,Eastern Province at Nawandala,,,,,,
K000865303,K,Sheet,11/02/2018,,Striga,hermonthica,(Delile) Benth.,Seen for Flora of Tropical East Africa;Striga hermonthica Benth.,Uganda,,1909,false,,,Road side,,,Uganda,"Fyffe, R.",,,,164,Striga hermonthica Benth.,,,Western Region,,,,,,,,,,,Hoima,,,,,,
K000865304,K,Sheet,11/02/2018,,Striga,hermonthica,(Delile) Benth.,Seen for Flora of Tropical East Africa;Striga hermonthica Benth.,Uganda,1910,1910-05-30,false,,,Road side,small flowered form,,Uganda,"Fyffe, R.",,,,164,Striga hermonthica Benth.,,,Western Region,,,,,,,,,,,Hoima Road,,,,,,
K000865305,K,Sheet,11/02/2018,,Striga,hermonthica,(Delile) Benth.,Flora of Tropical East Africa;Striga hermonthica (Del.) Benth.,Uganda,1984,1929-10,false,,,In cultivated land,"24-30 inches, fls. pink.","Hepper, F.N.",Uganda,"Liebenberg, L.C.C.",,,,1029,Striga hermonthica Benth.,,,Western Region,,,,,,,,,,,"Sempayo-Kibuku Road, Semliki Flats",,,,,,
K000865306,K,Sheet,11/02/2018,17-Feb-2018 01:11:15,Striga,hermonthica,(Delile) Benth.,Cited in F.T.E.A.;Striga hermonthica (Delile) Benth.,Uganda,2008,1939-02,false,,,Parasitic on Sorghum.,Flowers purple.,"Ghazanfar, S.",Uganda,"Purseglove, J.W.",,,,560,Striga hermonthica Benth.,,,Western Region,,4000 Feet,1219.2,,Metres,,,,,,"Bunyaruguru, Ankole",,,,,,Kiyongo (Lunyankole)
K000865307,K,Sheet,11/02/2018,,Striga,hermonthica,(Delile) Benth.,Seen for Flora of Tropical East Africa;Striga hermonthica (Del.)Benth.,Uganda,,1933-12-10,false,,,Plot of millet,"Common weed: herb, ht.2',  Flowers in terminal raceme, magenta pink.",,Uganda,"Thomas, A.S.",,,,1031,Striga hermonthica Benth.,,,Western Region,,,,,,,,,,,"Butiti, Toro.",,,,,,
K000865308,K,Sheet,18/02/2018,,Striga,hermonthica,(Delile) Benth.,"Seen for ""Flora of Tropical East Africa""",Uganda,,1935-11-23,false,,,At edge of farms.,"Common: herb, ht 15': fls light pink.",,Uganda,A.S.T.,,,,Th. 1532,Striga hermonthica Benth.,,,,,2400 Feet,731.52,,Metres,,,,,,"Bulondo, Bwamba.",,,,,,
K000865309,K,Sheet,11/02/2018,,Striga,hermonthica,(Delile) Benth.,Striga hermonthica Benth.,Uganda,1925-12,1925-12,false,,,From a natural village garden,"Parasitic on Eleusine coracana Gaertn., a millet","Maitland, T.D.",Uganda,"Maitland, T.D.",,,,,Striga hermonthica Benth.,,,Western Region,,5000 Feet,1524,,Metres,,,,,,"Rwenzori, Mulubunga",,,,,,
K000865310,K,Sheet,11/02/2018,,Striga,hermonthica,(Delile) Benth.,Seen for F.T.E.A.;Striga hermonthica Benth.,Uganda,,1913,false,,,,"Herb, 3 ft.  Flrs blue",,Uganda,"Snowden, J.D.",,,,141,Striga hermonthica Benth.,,,Western Region,,5000 Feet,1524,,Metres,,,,,,Toro (Kitagwenda),,,,,,
K000865311,K,Sheet,11/02/2018,,Striga,hermonthica,(Delile) Benth.,Seen for F.T.E.A.;Striga hermonthica Benth.,Uganda,,1915,false,,,,,,Uganda,"Fyffe, R.",,,,32,Striga hermonthica Benth.,,,Western Uganda,,,,,,,,,,,Bunyoro,,,,,,
K000865312,K,Sheet,18/02/2018,,Striga,hermonthica,(Delile) Benth.,"Seen for ""Flora of Tropical East Africa""",Uganda,,1927-07-20,false,,,On cultivated Eleusine coracana and Sorghum vulgare.,"Annual herb, 1 to 3 feet, leaves small, flowers large, pale purple, decorative. Retards the growth of graminaceous crops by attaching small suckers to the roots.",,Uganda,"Snowden, J.D.",,,,1160,Striga hermonthica Benth.,,,,Some notes made with pencil not readable for me.,4000 Feet,1219.2,,Metres,,,,,,"Bugishu, Bugwere and Budama",,,,,,
K000865313,K,Sheet,18/02/2018,,Striga,hermonthica,(Delile) Benth.,,Uganda,1984-01-01/1984-12-31,1964-01-22,false,,,From field of Sorghum,"Herb to 24'', with pale mauve flowers.","Hepper, F.N.",Uganda,"Brunt, M.",,,,1389,Striga hermonthica Benth.,,,,"Didn't find Tabora in Uganda, just in Tanzania.",,,,,,,,,,"nr. Tabora, Uganda.;Written with pencil: ?Tororo",,,,,,
K000865314,K,Sheet,11/02/2018,,Striga,hermonthica,(Delile) Benth.,Seen for F.T.E.A.;Striga hermonthica Benth.,Uganda,,1938-11,false,,,,Parasite on obulo i.e. Eleusine coracana,"Purseglove, J.W.",Uganda,"Purseglove, J.W.",,,,487,Striga hermonthica Benth.,,,Western Region,,,,,,,,,,,"Banyaruguru, Ankole",,,,,,
K000865315,K,Sheet,19/02/2018,,Striga,hermonthica,(Delile) Benth.,,Uganda,,1905,false,,,,Erect herb 2 feet.,,Uganda,"Briosi, M.A.?",,,,444,Striga hermonthica Benth.,,,Western Region,,4000 Feet,1219.2,,Metres,,,,,,W. Ankole,,,,,,
K000865316,K,Sheet,11/02/2018,,Striga,hermonthica,(Delile) Benth.,Seen for F.T.E.A.;Striga hermonthica Benth.,Uganda,,1931-11/1931-12,false,,,Common on Maize and Sorghum plots,Parasitic on roots of both;Flowers pinkish mauve;Height up to 15 inches,,Uganda,"Chandler, P.",,,,106,Striga hermonthica Benth.,,,Eastern Region,,3600 Feet,1097.28,,Metres,,,,,,Serere Teso,,,,,,
K000865317,K,Sheet,17/02/2018,,Striga,hermonthica,(Delile) Benth.,Seen for F.T.E.A.;Striga hermonthica (Del.) Benth.,Uganda,1954-09-16,1954-09-16,false,,,Waste ground near new Sec. School.,Flowers pink,"Lind, E",Uganda,"Lind, E.",,,,387,Striga hermonthica Benth.,,,Eastern Region,,3600 Feet,1097.28,,Metres,,,,,,Soroti,,,,,,
K000865318,K,Sheet,11/02/2018,14-Feb-2018 23:39:28,Striga,hermonthica,(Delile) Benth.,,Uganda,1971-08-03,1971-08-03,false,,,In peanut field.,Corolla purple.,,Uganda,"Willemse, R.H.",,,,30,Striga hermonthica Benth.,,,Amuria,,,,,,,,,,,Uganda: Amuria.,,,,,,
K000865319,K,Sheet,11/02/2018,14-Feb-2018 23:27:12,Striga,hermonthica,(Delile) Benth.,Flora of Tropical East Africa,Uganda,1984,1905,false,,,,,"Hepper, F.N.",Uganda,"James, E.",,,,,Striga hermonthica Benth.,,,Elgon,,,,,,,,,,,Elgon Distr.,,,,,,
K000865320,K,Sheet,11/02/2018,14-Feb-2018 23:20:57,Striga,,,"Striga hermonthica (Del.)Benth,  seen for Flora of Tropical Africa",Uganda,,1955-09,false,,,Grassland on cotton soil,Erect branched herb 2 ft tall. Probably partial parasite because of poor rooting system. Flowers dark and very pale pink. Common,,Uganda,"Norman, E.M.",,,,294,Striga hermonthica Benth.,,,,,3600 Feet,1097.28,,Metres,,,,,,Sebei plains 3 miles from Greek River Railway Bridge,,,,,,
K000865321,K,Sheet,17/02/2018,,Striga,hermonthica,(Delile) Benth.,Seen for F.T.E.A.;Striga hermonthica Benth.,Uganda,1926-06,1926-06,false,,,,I find branched specimen,"Maitland, T.D.",Uganda,"Maitland, T.D.",,,,,Striga hermonthica Benth.,,,,,3700,,,,,,,,,"Uganda, Eastern Province, Namandwa",,,,,,
K000865322,K,Sheet,19/02/2018,,Striga,hermonthica,(Delile) Benth.,,Uganda,,1926,false,,,,,,Uganda,"Matiland, S.N.",,,,,Striga hermonthica Benth.,,,Eastern Region,,,,,,,,,,,"Uganda, E. Province, Serere",,,,,,
K000865323,K,Sheet,17/02/2018,,Striga,hermonthica,(Delile) Benth.,Seen for F.T.E.A.;Striga hermonthica (Del.) Benth.,Uganda,1926-06,1926-06,false,,,,,,Uganda,"Maitland, T.D.",,,,s.n.,Striga hermonthica Benth.,,,Eastern Region,,3700,,,,,,,,,"Eastern Province, at Serere",,,,,,
K000865324,K,Sheet,11/02/2018,14-Feb-2018 23:42:36,Striga,hermonthica,(Delile) Benth.,Striga hermonthica Benth.,Uganda,,,false,,,Common weed in irrigated millet fields,Flowers pink,,Uganda,"Eggeling, W.J.",,,,785,Striga hermonthica Benth.,,,,,5000,,,,,,,,,At foot of Imatong mountains. Also seen in millet at Amua. Agoro.,,,,,,
K000865325,K,Sheet,11/02/2018,14-Feb-2018 23:44:26,Striga,hermonthica,(Delile) Benth.,,Uganda,,1957-11-28,false,,,On abandoned farmland with annual grasses and numerous herbs,"Erect herbs 12-15"" high with muave flowers, apparently parasitic on roots of cultivated Sorghum",,Uganda,"Langdale-Brown, I.",,,,2592,Striga hermonthica Benth.,,,Northern Province,,2700 Feet,822.96,,Metres,,,,,,District: Acholi; Locality: Atiak.,,,,,,
K000865326,K,Sheet,11/02/2018,,Striga,hermonthica,(Delile) Benth.,,Uganda,2008,1957-06,false,,,Clay grassland,Flowers pink mauve,"Ghazanfar, S.",Uganda,Wilson,,,,349,Striga hermonthica Benth.,,,Western Region,,,,,,,,,,,Uganda - Iriri,,,,,,
K000865327,K,Sheet,11/02/2018,,Striga,hermonthica,(Delile) Benth.,,Uganda,1956,1953-07-27,false,,,Field of cultivated millet.,"Flowers purple erect, little branched herb.;Up to circa 18"" common at Maracha and Omugo.","Chancellor, R.J.",Uganda,"Chancellor, R.J.",,,,56,Striga hermonthica Benth.,,,Northern Region,,4600 Feet,1402.08,,Metres,,,,,,West Nile Province;Uganda;Field 1/4 mile due south Maracha rest camp,,,,,,Ava
K000865328,K,Sheet,11/02/2018,,Striga,hermonthica,(Delile) Benth.,,St. Barthélemy,2008,,false,,,,Showy annual,"Ghazanfar, S.",Uganda,"Daws, M.A.",,,,120,Striga hermonthica Benth.,,,Western Region,,4000 Feet,1219.2,,Metres,,,,,,Bugangadzi,,,,,,
K000865329,K,Sheet,17/02/2018,,Striga,hermonthica,(Delile) Benth.,Striga hermonthica (Del.) Benth.,Uganda,1984,1921-12-30,false,,,In corn cultivation,12 to 18 inches.  Flowers rose-purple,"Hepper, F.N.",Uganda,"Lanchester, C.H.",,,,,Striga hermonthica Benth.,,,Western Region,,,,,,,,,,,"Uganda, Kakumiro",,,,,,
K000865330,K,Sheet,18/02/2018,,Striga,hermonthica,(Delile) Benth.,Striga helmonthica (Del.) Benth,Uganda,1984,1933-01-18,false,,,Bulo,Flower: pink;Height: 1' - 2';partial parasite,"Hepper, F.N.",Uganda,"Hazel, C.",,,,289,Striga hermonthica Benth.,,,Central Region,Unable to read handwritten Locality,,,,,,,,,,Bulo,,,,,,
K000865331,K,Sheet,11/02/2018,,Striga,hermonthica,(Delile) Benth.,,Eritrea,,1988-11-18,false,,,Growing as a parasite on Sorghum in a field.,Herb with pinkish to lilac corollas,,Ethiopia,"Ryding, O.","Teferi, M.","Mengisteab, G.",,1567,Striga hermonthica Benth.,,,Debub,,2000 Metres,2000,,Metres,,,,,,Eritrea (EW): c. 16 km N of Mendefera along the road to Asmera,,,,,,
K000865332,K,Sheet,11/02/2018,,Striga,hermonthica,(Delile) Benth.,,Ethiopia,,1995-10-19,false,,,Agricultural land in river valley.  Host: Sorghum,Flo magenta-purple.  Upper leaves purple.,,Ethiopia,"Purchon, V.","Belachew, G.",,,26,Striga hermonthica Benth.,,,Amhara,,,,,,,,,,,Gojam.  40 km N. of Mota.,,,,,,
K000865333,K,Sheet,11/02/2018,,Striga,hermonthica,(Delile) Benth.,,Ethiopia,,1995-10-12,false,,,Host Sorghum.  Cultivated land.,"Flos lilac-mauve, abundant.",,Ethiopia,"Purchon, V.",,,,9,Striga hermonthica Benth.,,,Amhara,,,,,,,,,,,Wollo.  Haik to Waldeya road,,,,,,
K000865334,K,Sheet,11/02/2018,17-Feb-2018 00:08:37,Striga,hermonthica,(Delile) Benth.,,Ethiopia,,1995-10-11,false,,,"Lowland in sorghum field, warm air.",Flo purple.  Parasitic weed.,,Ethiopia,"Purchon, V.","Belachew, G.",,,42,Striga hermonthica Benth.,,,Amhara,,,,,,,,,,,"Wollo, about 3 km S. of Mekdela",,,,,,
K000865335,K,Sheet,18/02/2018,,Striga,hermonthica,(Delile) Benth.,,Ethiopia,,1861-10,false,,,,,,Ethiopia,"Haider, D",,,,978,Striga hermonthica Benth.,,,,3 specimens on this page,,,,,,,,,,Keren,,,,,,
K000865336,K,Sheet,18/02/2018,,Striga,hermonthica,(Delile) Benth.,Seen for Flora of Ethiopia;Striga hermonthica Benth.,Ethiopia,,1886-02-10,false,,,In fields,Flowers rose-red,,Ethiopia,"Schinz, Dr.Hans",,,,42,Striga hermonthica Benth.,,,,,,,,,,,,,,"Olukonda, Amboland",,,,,,
K000865337,K,Sheet,18/02/2018,,Striga,hermonthica,(Delile) Benth.,Seen for Flora of Ethiopia;Striga hermonthica Benth.,Ethiopia,,1868-10-14,false,,,auf Baumwollenpolder,,,Ethiopia,"Schweinfurth, G.",,,,594,Striga hermonthica Benth.,,,Tigray,,,,,,,,,,,Buda,,,,,,
K000865338,K,Sheet,11/02/2018,,Striga,hermonthica,(Delile) Benth.,,Eritrea,,1937-01-20,false,,,,,,Ethiopia,"Pichi-Sermolli, R.",,,,1295,Striga hermonthica Benth.,,,Gash-Barka,,,,,,,,,,,Eritrea - Tessenei,,,,,,
K000865339,K,Sheet,11/02/2018,14-Feb-2018 23:53:24,Striga,hermonthica,(Delile) Benth.,"Note: ""Buda"" may be a general term for ""weed"".",,,1900-07-15,false,,,A weed troublesome in Dhura (Millet) fields.,,,Ethiopia,"Muriel, C.E.",,,,S/34,Striga hermonthica Benth.,,,,,,,,,,,,,,Blue Nile,,,,,,"""Buda"" Arabie"
K000865340,K,Sheet,11/02/2018,,Striga,hermonthica,(Delile) Benth.,Striga hermonthica (Del.) Benth.,Ethiopia,,1995-10-14,false,,,"Open woodland with Albizia amamr subsp. sericocephala, Combretum cf. collimun, and Terminalia brownii; hardly any scrubby undergrowth, but many weedy annuals.  No trace of riverine forest.  Rocks dark gray, weathering pale gray.","Parasitic herb on various grasses (crops); flws pinkish purple, paler on outside than on inside.",,Ethiopia,"Friis, I.","Bidgood, S.","Host, P.","Wondafrash, Melaku & Kebede, Shigulte",6736,Striga hermonthica Benth.,,,Tigray Region,,1450 Metres,1450,,Metres,13°50'N,13,50,,N,"Tigray Region: At Werie Bridge, crossing tributary to the Tacazze River's system on the new road from Abi Adi to Adowa.",39°00'E,39,0,,E,
K000865341,K,Sheet,11/02/2018,,Striga,hermonthica,(Delile) Benth.,,Sudan,,1869-09-18,false,,,In Sorghum Felden,Fl. Bluter oreo ?,,Sudan,"Schweinfurth, G.",,,,2381,Striga hermonthica Benth.,,,,,,,,,,,,,,gr. Seriba Ghattas;im Lande der Djur,,,,,,
K000865342,K,Sheet,18/02/2018,,Striga,hermonthica,(Delile) Benth.,,Sudan,,1907-08-03,false,,,,,,Sudan,"Brown, A.J.",,,,s.n.,Striga hermonthica Benth.,,,,Unable to read all Handwriting,,,,,,,,,,Reuk,,,,,,
K000865343,K,Sheet,12/02/2018,14-Feb-2018 23:12:59,Striga,hermonthica,(Delile) Benth.,,Sudan,,1865-08-29,false,,,,,,Sudan,"Schweinfurth, G.",,,,181,Striga hermonthica Benth.,,,Al Qadarif,,,,,,,,,,,Flora von Gallabat; Umgegend von Matamma.,,,,,,
K000865344,K,Sheet,11/02/2018,14-Feb-2018 23:54:46,Striga,hermonthica,(Delile) Benth.,,Sudan,,1929-07-22,false,,,,Parasitic on Sorghum arundinaceum.,,Sudan,"Simpson, N.D.",,,,7406,Striga hermonthica Benth.,,,Bahr el Ghazal,,,,,,,,,,,,,,,,,
K000865345,K,Sheet,18/02/2018,,Striga,hermonthica,(Delile) Benth.,Striga hermonthica Benth.,Sudan,,1875-10,false,,,,,,Sudan,[Collector Unknown],,,,465,Striga hermonthica Benth.,,,Kordofan,Unable to read  handwriting of collector and locality,,,,,,,,,,El Grel,,,,,,
K000865346,K,Sheet,12/02/2018,,Striga,hermonthica,(Delile) Benth.,Striga hermonthica Benth.,Sudan,1952-10-02,1952-10-02,false,,,Grey brown alkaline cracking clay. Acacia seyal - A. fistula woodland,Parasitic herb on Sorghum purpureo-sericeum and cultivated Sorghum. Flos. pink.,"Lea, J.D.",Sudan,"Lea, J.D.",,,,17,Striga hermonthica Benth.,,,Southern Kordofan,,450 Metres,450,,Metres,,,,,,"Tozi, Blue Nile Province",,,,,,
K000865347,K,Sheet,19/02/2018,,Striga,hermonthica,(Delile) Benth.,,,,,false,,,,,,Sudan,Kotschy,,,,195,Striga hermonthica Benth.,,,,,,,,,,,,,,,,,,,,
K000865348,K,Sheet,18/02/2018,,Striga,hermonthica,(Delile) Benth.,,Sudan,,1839-10,false,,,In agris Sorghi vulgaris,,,Sudan,[Collector Unknown],,,,s.n.,Striga hermonthica Benth.,,,Kordofan,,,,,,,,,,,Ad montem Cordofanum Arasch-Cool,,,,,,
K000865349,K,Sheet,18/02/2018,,Striga,hermonthica,(Delile) Benth.,,Sudan,,1839-10,false,,,In agrisSorghi vulgaris,,,Sudan,[Collector Unknown],,,,s.n.,Striga hermonthica Benth.,,,Kordofan,,,,,,,,,,,Ad montem Cordofanum Arasch-Cool,,,,,,
K000865350,K,Sheet,18/02/2018,,Striga,hermonthica,(Delile) Benth.,,Sudan,,1871-12-06,false,,,,"Colour purple, flowers smaller than of S. hermonthica",,Sudan,[Collector Unknown],,,,1262,Striga hermonthica Benth.,,,Kordofan,,,,,,,,,,,Kordofan,,,,,,
K000865351,K,Sheet,12/02/2018,14-Feb-2018 21:46:40,Striga,hermonthica,(Delile) Benth.,,Sudan,,,false,,,,Red flower,,Sudan,"Colville, J.W.",,,,96,Striga hermonthica Benth.,,,,Collection year not given.;Collection month is October.,4000 Feet,1219.2,,Metres,,,,,,Various localities.,,,,,,
K000865352,K,Sheet,18/02/2018,,Striga,hermonthica,(Delile) Benth.,,Sudan,,1863-01-03,false,,,Woodland,,,Sudan,"Petherick, Consul",,,,,Striga hermonthica Benth.,,,Central Darfur,,,,,,,,,,,"Neangara in Moru, British East Africa;Nyangara in Jur Territory - White Nile",,,,,,
K000865353,K,Sheet,12/02/2018,19-Feb-2018 22:42:54,Striga,hermonthica,(Delile) Benth.,,Ethiopia,1990,1853,false,,,,,"Aweke, G.",Ethiopia,"Schimper, M.W.",,,,496,Striga hermonthica Benth.,,,,,,,,,,,,,,Abyssinie.,,,,,,
K000865354,K,Sheet,12/02/2018,,Striga,hermonthica,(Delile) Benth.,Striga hermonthica Benth.,Ethiopia,1838-09-24,1838-09-24,false,,,,,,Ethiopia,[Collector Unknown],,,,790,Striga hermonthica Benth.,,,,,,,,,,,,,,In arvis prope Gapdiam,,,,,,
K000865355,K,Sheet,18/02/2018,,Striga,hermonthica,(Delile) Benth.,Seen for Flora of Ethiopia,Ethiopia,,1844-10-01,false,,,U. i. 1844 sine loco speciali,,,Ethiopia,[Collector Unknown],,,,,Striga hermonthica Benth.,,,,,,,,,,,,,,,,,,,,
K000865356,K,Sheet,12/02/2018,,Striga,hermonthica,(Delile) Benth.,,Ethiopia,,1837/1838,false,,,,,,Ethiopia,Kotschy,,,,195 268,Striga hermonthica Benth.,,,,,,,,,,,,,,Aethiopia,,,,,,
K000865357,K,Sheet,12/02/2018,17-Feb-2018 00:07:36,Striga,hermonthica,(Delile) Benth.,,Ethiopia,,,false,,,,,,Ethiopia,"Massey, R.E.",,,,47,Striga hermonthica Benth.,,,Amhara,,,,,,,,,,,Abyssinia: Gondar + vicinity,,,,,,
K000865358,K,Sheet,12/02/2018,,Striga,hermonthica,(Delile) Benth.,,Ethiopia,,1969-09-25,false,,,On stony soil,Parasite of sorghum,,Ethiopia,"Parker, C.",,,,E.22,Striga hermonthica Benth.,,,Amhara,,1700 Metres,1700,,Metres,,,,,,Ethiopia - Blue Nile Gorge,,,,,,
K000865359,K,Sheet,12/02/2018,,Striga,hermonthica,(Delile) Benth.,,Djibouti,1996,1993-04-23,false,,,Base of small road cutting.  Among grasses.,Slender herb 40 cm tall with narrow leaves.  Pink flowers 1.4 cm wide.,"Bivgrod, S.",Ethiopia,"Collenette, I.S.",,,,8692,Striga hermonthica Benth.,,,Arta,,200 Feet,60.96,,Metres,,,,,,Djibouti.  Between Djibouti and Arta.,,,,,,
K000865360,K,Sheet,12/02/2018,,Striga,hermonthica,(Delile) Benth.,,Eritrea,,1988-11-17,false,,,Growing as a parasite on Sorghum in a field.,"Herb with pinkish to lilac corolla, growing as a parasite on Sorghum",,Ethiopia,"Ryding, O.","Teferi, M.","Mengisteab, G.",,1548,Striga hermonthica Benth.,,,Debub,,1800 Metres,1800,,Metres,,,,,,Eritrea (EW): c. 4 km S of Adi Kwala along the road to the Tigray border,,,,,,
K000865361,K,Sheet,12/02/2018,19-Feb-2018 22:44:34,Striga,hermonthica,(Delile) Benth.,,Ethiopia,,1982-9-22,false,,,Sorghum field.,"Flow. pink, fol. often dark purple; to 1 m; parasite on Sorghum (more rarely on maize); brought in with Sorghum seeds",,Ethiopia,"Puff, C.","Kelbessa, E.","Dawe, J.","Edwards, S.",8209,Striga hermonthica Benth.,,,Somali,,1850 Metres,1850,,Metres,8°44'N,8,44,,N,"Hararge Prov. Habro Awr.: c. 11-1 2 km from Gelemso, to Mechta and gelemso",40°30'E,40,30,,E,
K000865362,K,Sheet,12/02/2018,,Striga,hermonthica,(Delile) Benth.,,Ethiopia,1990,1901-09,false,,,,,"Aweke, G.",Ethiopia,"Wellby, M.S.",,,,s.n.,Striga hermonthica Benth.,,,,,,,,,,,,,,Abyssinia: Horcones Valley,,,,,,
K000865363,K,Sheet,12/02/2018,14-Feb-2018 21:47:55,Striga,hermonthica,(Delile) Benth.,,Ethiopia,1970,1966-01-09,false,,,On waste field.,Annual herbs; stem and leaves slightly greyish-green; flowers bright lilac or pink.,"Amshoff, G.J.H.",Ethiopia,"de Wilde, W.J.J.O.","de Wilde-Duyfjes, B.E.E.",,,9693,Striga hermonthica Benth.,,,Amhara,,1900 Metres,1900,,Metres,,,,,,Kombolcha.,,,,,,
K000865364,K,Sheet,12/02/2018,,Striga,hermonthica,(Delile) Benth.,,Ethiopia,,1981-10-28,false,,,Around and in Sorghum field,"Flowers rose;;to ca. 75cm. high, leaves green",,Ethiopia,"Tadesse, M.","Kagnew, G.Y.",,,1594,Striga hermonthica Benth.,,,Amhara,,1550 Metres,1550,,Metres,,,,,,"Gojjam Region: Debre Marcos Awraja,;ca. 15km. S. of Dejen.  Area called Wejecha.",,,,,,
K000865365,K,Sheet,12/02/2018,,Striga,hermonthica,(Delile) Benth.,,Ethiopia,,1952-11-04,false,,,Abundant in moist fields.,Flowers rose-pink.,,Ethiopia,"Scott, H.",,,,47,Striga hermonthica Benth.,,,Tigray,,,,,,,,,,,"Ethiopia: Tigre Prov.;Near Enda Sellassie, west of Axum",,,,,,
K000865366,K,Sheet,12/02/2018,19-Feb-2018 22:41:11,Striga,hermonthica,(Delile) Benth.,Seen for Flora of Ethiopia. Striga hermonthica (Del.) Benth.,Ethiopia,,1976-08-16,false,,,"On sandstone. Infrequent in Acacia mellifera woodland and grass, in rocky places.","Flowers rose, becoming violet in press.  Whole plant blackening, when drying.",,Ethiopia,"Ash, J.",,,,3648,Striga hermonthica Benth.,,,SNNPR,,800 Metres,800,,Metres,,,,,,"Omo national Park, Kaffa Province, Ethiopia. Near Rui River, Omo basin. Square 106.B.",,,,,,
K000865367,K,Sheet,12/02/2018,,Striga,hermonthica,(Delile) Benth.,,Ethiopia,,1961-12-04,false,,,"Common in a field of sorghum in very stony soil, half way down valley of Blue Nile River, south side","Possibly parasitic on Sorghum sp., of strict habit; fls. deep mauve, showy.",,Ethiopia,"Meyer, F.G.",,,,7594,Striga hermonthica Benth.,,,Amhara,,1920 Metres,1920,,Metres,10°05'N,10,5,,N,"Ethiopia, 218 km. N. of Addis Ababa;Shoa Province",38°16'E,38,16,,E,
K000865368,K,Sheet,12/02/2018,,Striga,hermonthica,(Delile) Benth.,,Djibouti,,1957-04-06,false,,,Sandy ground with sparse grass.,? red,,Djibouti,Cuile,,,,98,Striga hermonthica Benth.,,,Arta,,1000 Feet,304.8,,Metres,,,,,,French Somaliland;On Djibuti - Arta road.,,,,,,
K000865369,K,Sheet,18/02/2018,,Striga,hermonthica,(Delile) Benth.,,Sudan,,1951-10-22,false,,,,,,Sudan,"Basinski, J.",,,,27A,Striga hermonthica Benth.,,,,,,,,,,,,,,Pulkerriyang;Anglo-Egyptian Sudan,,,,,,Walban
K000865370,K,Sheet,18/02/2018,,Striga,hermonthica,(Delile) Benth.,Striga hermonthica (Del.) Benth.,Sudan,1954-08-02,1954-08-02,false,,,Growing on irrigated Sorghum vulgare Rers. (var Abu Sabarin) at Aliab Pump Scheme,"White fld. variety, rare among normal lilac fld plants.","Wilson Jones, K.",Sudan,"Wilson Jones, K.",,,,501,Striga hermonthica Benth.,,,River Nile State,,,,,,,,,,,"30 miles S. of Atbara, R. Nile, A-E Sudan",,,,,,"Buda, Weil, (Arabic)"
K000865371,K,Sheet,19/02/2018,,Striga,hermonthica,(Delile) Benth.,,Sudan,,1954-08-02,false,,,Growing on irrigated Sorghum vulgare Pers.;(var Abu Saba'm),Normal like fld variety,,Sudan,"Wilson Jones, K.",,,,S502,Striga hermonthica Benth.,,,River Nile,,,,,,,,,,,"Aliab pump scheme, 30 m S of Atbara on 'Nile;A.E. Sudan'",,,,,,"""Buda"", ""Weil"" (Arabic)"
K000865372,K,Sheet,18/02/2018,,Striga,hermonthica,(Delile) Benth.,,Sudan,,1875-07-08,false,,,,,,Sudan,"Pfund, Dr.J.",,,,679,Striga hermonthica Benth.,,,Kordofan,,,,,,,,,,,"El-Greo, West Kordofan",,,,,,
K000865373,K,Sheet,19/02/2018,,Buchnera,hermonthica,(Delile) Benth.,,Sudan,,1861-12-06,false,,,,,,Sudan,"Petherick, Consul",,,,,Striga hermonthica Benth.,,,Khartoum,"Unsure about:;""Abyssane""  - common name?;det. = dedit? Franqueville or Schumper ;det. 1862?",,,,,,,,,,Kharthoum,,,,,,
K000865374,K,Sheet,12/02/2018,,,,,,Sudan,,1861-12,false,,,,,,Sudan,"Petherick, J.",,,,s.n.,Striga hermonthica Benth.,,,Khartoum,,,,,,,,,,,Khartoum,,,,,,
K000865375,K,Sheet,12/02/2018,,Striga,hermonthica,(Delile) Benth.,,Sudan,1994-03,1900-11-13,false,,,Weed found growing on cultivated land.,,"Mohamed, K.I.",Sudan,"Muriel, C.E.",,,,s.n.,Striga hermonthica Benth.,,,,,,,,,,,,,,"Blue Nile, Rossires, Eastern Sudan",,,,,,
K000865376,K,Sheet,12/02/2018,,Striga,hermonthica,(Delile) Benth.,Striga hermonthica (Del.) Benth.,Sudan,1954-01-17,1954-01-17,false,,,Sandy soil.  Host:- Brachiaria sp. attached,Large flowered form.  Flrs. light red,"Wilson Jones, K.",Sudan,"Wilson Jones, K.",,,,512,Striga hermonthica Benth.,,,North Kordofan,,,,,,,,,,,"Um Ruaba, Anglo-Egyptian Sudan",,,,,,Buda (Arabic)
K000865377,K,Sheet,12/02/2018,,Striga,hermonthica,(Delile) Benth.,Striga hermonthica (Del.)Benth.,Sudan,1954-10-17,1954-10-17,false,,,Sandy soil,Host:- cultivated Pennisetum millet;Large Flowered Form.  Fls dull red,"Wilson Jones, K.",Sudan,"Wilson Jones, K.",,,,519,Striga hermonthica Benth.,,,North Kordofan,,,,,,,,,,,"Um Ruaba, Kordofan, Anglo-Egyptian Sudan",,,,,,Buda (Arabic)
K000865378,K,Sheet,12/02/2018,,Striga,hermonthica,(Delile) Benth.,Striga hermonthica (Del.) Benth.,Sudan,1954-10-17,1954-10-17,false,,,Sandy soil.,Host:- Cultivated Pennisetum millet;Small Fld Form. Fls. dull red,"Wilson Jones, K.",Sudan,"Wilson Jones, K.",,,,518,Striga hermonthica Benth.,,,North Kordofan,,,,,,,,,,,"Um Ruaba, Kordofan, Anglo-Egyptian Sudan,",,,,,,Buda (Arabic)
K000865379,K,Sheet,12/02/2018,,Striga,hermonthica,(Delile) Benth.,Striga hermonthica (Del.) Benth.,Sudan,1954-10-17,1954-10-17,false,,,Sandy soil,Host:- Dactyloctenium aegyptium (attached);LARGE FLD FORM.  Fls light red,"Wilson Jones, K.",Sudan,"Wilson Jones, K.",,,,516,Striga hermonthica Benth.,,,North Kordofan,,,,,,,,,,,"Um Ruaba, Kordofan, Anglo-Egyptian Sudan",,,,,,Buda (Arabic)
K000865380,K,Sheet,19/02/2018,,Striga,hermonthica,(Delile) Benth.,,Sudan,,1954-10-19,false,,,Sandy soil;Host: wild Pennisetum species.,Large-flowered form.;Fls. light red.,,Sudan,"Wilson Jones, K.",,,,513,Striga hermonthica Benth.,,,North Kordofan,,,,,,,,,,,"Um Ruaba, Kordofan.",,,,,,Buda (Arab.)
K000865381,K,Sheet,12/02/2018,,Striga,hermonthica,(Delile) Benth.,Striga hermonthica (Del.) Benth.,Sudan,1954-09-26,1954-09-29,false,,,"Farm, growing on dura (Sorghum vulgare Pers.)",Small flowered form. Flowers reddish-purple.,"Wilson Jones, K.",Sudan,"Wilson Jones, K.",,,,506,Striga hermonthica Benth.,,,Al Jazirah,,,,,,,,,,,"Gezira Research Farm, Anglo-Egyptian Sudan",,,,,,Buda (Arabic)
K000865382,K,Sheet,19/02/2018,,Striga,hermonthica,(Delile) Benth.,Striga hermonthica (Del.) Benth.,Sudan,1954-10-17,1954-10-17,false,,,Sandy soil.,Host: cultivated Pennisetum.;Large flowered form.  Fls. dull red.,"Wilson Jones, K.",Sudan,"Wilson Jones, K.",,,,514,Striga hermonthica Benth.,,,North Kordofan,,,,,,,,,,,"Um Ruaba, Kordofan, N-E. Sudan",,,,,,Buda (Arabic)
K000865383,K,Sheet,18/02/2018,,Striga,hermonthica,(Delile) Benth.,,Sudan,,1954-11-19,false,,,"Sandy soil.;Host. Sorghum volgare, variety ""Maring"".",Intermediate flowered form.  Fls. light red.,,Sudan,"Wilson Jones, K.",,,,515,Striga hermonthica Benth.,,,North Kordofan,,,,,,,,,,,"Um Ruaba, Kordofan.",,,,,,Buda (Arab.)
K000865384,K,Sheet,12/02/2018,,Striga,hermonthica,(Delile) Benth.,,Unknown or ambiguous,,,false,,,"Grows in cultivations. No use recorded,",,,South Sudan,"Evans Pritchard, E.",,,,63,Striga hermonthica Benth.,,,Upper Nile,"South Sudan is NOT on the  drop-down list of countries, BUT is on GEONAMES!",,,,,,,,,,"Sobat, Nile",,,,,,Wal bar (Dinka)
K000865385,K,Sheet,18/02/2018,,Striga,hermonthica,(Delile) Benth.,,Sudan,,1936-11,false,,,,,,South Sudan,"Evans-Pritchard, E.E.",,,,27,Striga hermonthica Benth.,,,Northern Liech,"This should be in South Sudan, not Sudan, but South Sudan is not an option in the country list.",,,,,,,,,,"Sudan: between the Nile & Bahr el Ghazal, 20 mls. S. of Bintiou.",,,,,,
K000865386,K,Sheet,19/02/2018,,Striga,hermonthica,(Delile) Benth.,,Sudan,,1932,false,,,,,,South Sudan,"Macintosh, W.O.S.H.",,,,103K,Striga hermonthica Benth.,,,Western Bahr el Ghazal,"Should be South Sudan, not Sudan.",,,,,,,,,,S. Sudan;Wau District - Bahr el Ghazal Province.,,,,,,
K000865387,K,Sheet,12/02/2018,,Striga,hermonthica,(Delile) Benth.,,Unknown or ambiguous,,1929-07-22,false,,,Parasitic on Sorghum arundinaceum.,,,South Sudan,"Simpson, N.D.",,,,7406,Striga hermonthica Benth.,,,,,,,,,,,,,,"Bahr el Ghazal, Anglo-Egyptian Sudan",,,,,,
K000865388,K,Sheet,12/02/2018,,Striga,hermonthica,(Delile) Benth.,,Unknown or ambiguous,,,false,,,,,,South Sudan,"Petherick, Consul",,,,s.n.,Striga hermonthica Benth.,,,,NB Consul Petherick returned to England in 1859 so collection must be during 1859 or before.,,,,,,,,,,White Nile,,,,,,
K000865389,K,Sheet,19/02/2018,,Striga,hermonthica,(Delile) Benth.,,Sudan,,1954-09-26,false,,,growing on dura (Sorghum vulgare Pers.).,Small-intermediate-flowered form;Flowers red-purple.,,Sudan,"Wilson Jones, K.",,,,505,Striga hermonthica Benth.,,,Al Jazirah,,,,,,,,,,,Gezira Research Farm,,,,,,Buda (Arab.)
K000865390,K,Sheet,19/02/2018,,Striga,hermonthica,(Delile) Benth.,,Sudan,,1954-09-26,false,,,growing on dura (Sorghum vulgare Pers.).,Large-intermediate-flowered form;Flowers red-purple.,,,"Wilson Jones, K.",,,,504,Striga hermonthica Benth.,,,Al Jazirah,,,,,,,,,,,Gezira Research Farm,,,,,,Buda (Arab.)
K000865391,K,Sheet,19/02/2018,,Striga,hermonthica,(Delile) Benth.,,Sudan,,1954-10-13,false,,,Growing on Maize,Intermediate-flowered form;Fls. Red-Purple.,,,"Beshir, B.",,,,510,Striga hermonthica Benth.,,,Al Jazirah,,,,,,,,,,,Gezira Research Farm,,,,,,Buda (Arab.)
K000865392,K,Sheet,19/02/2018,,Striga,hermonthica,(Delile) Benth.,,Sudan,,1954-10-13,false,,,Paras. on Eleusine coracana.,Large-flowered form;Fls. Red-purple.,,,"Beshir, B.",,,,507,Striga hermonthica Benth.,,,Al Jazirah,,,,,,,,,,,Gezira Research Farm,,,,,,Buda (Arab.)
K000865393,K,Sheet,19/02/2018,,Striga,hermonthica,(Delile) Benth.,,Sudan,,1954-10-13,false,,,Growing on maize.,Large and intermediate flowers on one plant.,,,"Beshir, B.",,,,511,Striga hermonthica Benth.,,,Al Jazirah,,,,,,,,,,,Gezira Research Farm,,,,,,Buda (Arab.)
K000865394,K,Sheet,12/02/2018,,Striga,hermonthica,(Delile) Benth.,Striga hermonthica (Del.) Benth.,Sudan,1954-10-10,1954-10-10,false,,,"Farm. Growing on ""Adar"" grass. (Sorghum sp. prob. arundinaceum).",Flowers red-purple.  Intermediate-flowered form.,"Beshir, Babiker",Sudan,"Beshir, Babiker",,,,508,Striga hermonthica Benth.,,,Al Jazirah,,,,,,,,,,,"Gezira Research Farm, Anglo-Egyptian Sudan",,,,,,Buda (Arabic)
K000865395,K,Sheet,19/02/2018,,Striga,hermonthica,(Delile) Benth.,,Sudan,,1954-10-10,false,,,Parasitic on Cynodon dactylon (weed).,Intermediate-flowered form.;Flowers red-purple.,,,"Beshir, B.",,,,509,Striga hermonthica Benth.,,,Al Jazirah,,,,,,,,,,,Gezira Research Farm,,,,,,Buda (Arab.)
K000865396,K,Sheet,12/02/2018,,Striga,hermonthica,(Delile) Benth.,,Sudan,,1912-11-11,false,,,,,,Sudan,"Sawer, E.R.",,,,13698,Striga hermonthica Benth.,,,Khartoum,,,,,,,,,,,Khartoum (Soudan),,,,,,
K000865397,K,Sheet,19/02/2018,,Striga,hermonthica,(Delile) Benth.,,Sudan,,1954-10,true,,,Grown on Pennisetum in Gezira clay.,"Fls dull red, but not so dull as on sands.",,,"Wilson Jones, K.",,,,525,Striga hermonthica Benth.,,,Al Jazirah,,,,,,,,,,,Grown from seed at Wad Medani.;Seed originated from parasites on Pennisetum on Kordofan sands.,,,,,,Buda (Arab.)
K000865398,K,Sheet,19/02/2018,,Striga,hermonthica,(Delile) Benth.,,Sudan,,1954-10-17,false,,,Sandy soil.;Host: Eragrostis tremula (attached).,Large fld form.;Fls. light red.,,,"Wilson Jones, K.",,,,517,Striga hermonthica Benth.,,,North Kordofan,,,,,,,,,,,"Um Ruaba, Kordofan.",,,,,,Buda (Arab.)
K000865399,K,Sheet,19/02/2018,,Striga,hermonthica,(Delile) Benth.,,Sudan,,1954-10,true,,,Grown on Sorghum in Gezira clay.,Fls medium red.,,,"Wilson Jones, K.",,,,524,Striga hermonthica Benth.,,,Al Jazirah,,,,,,,,,,,Grown from seed at Wad Medani.;Seed originated from parasites on Pennisetum on Kordofan sands.,,,,,,Buda (Arab.)
K000865400,K,Sheet,19/02/2018,,Striga,hermonthica,(Delile) Benth.,,Sudan,,1954-10,true,,,Grown on Sorghum millet in Gezira clay.,Fls medium-light red.,,,"Wilson Jones, K.",,,,522,Striga hermonthica Benth.,,,Al Jazirah,,,,,,,,,,,Grown from seed at Wad Medani.;Seed originated from parasites on Sorghum millet on Kordofan sands.,,,,,,Buda (Arab.)
K000865401,K,Sheet,12/02/2018,,Striga,hermonthica,(Delile) Benth.,"Cult.;Wad Medani, A.-E. Sudan;K. Wilson Jones 523;Oct. 54",Sudan,,1954-10,true,,"Wilson Jones, K.",Grown from seed at Wad Medani. ;Seed originated from parasites on Sorghus millet on Kordofan sands.;Grown on Pennisetum millet in Gezira clay.,Flowers medium red.,,Sudan,"Wilson Jones, K.",,,,523,Striga hermonthica Benth.,,,,Determination dates are ambiguous.,,,,,,,,,,Wad Medani,,,,,,Buda (Arab.)
K000865402,K,Sheet,12/02/2018,,Striga,hermonthica,(Delile) Benth.,"Gezira research farm, A.-E. Sudan;K. Wilson Jones 503;26.9.54",Sudan,,1954-09-26,false,,,"Growing on dura, Sorghum vulgare Pers",Flowers red-purple.;Large flowered form.,,Sudan,"Wilson Jones, K.",,,,503,Striga hermonthica Benth.,,,,Determination dates ambiguous.,,,,,,,,,,Gezira Research Farm,,,,,,Buda (Arab.)
K000865403,K,Sheet,12/02/2018,,Striga,hermonthica,(Delile) Benth.,"Wad Medani, A.-E. Sudan;K. Wilson Jones 521;Oct. 54",Sudan,,1954-10,true,,,Grown from seed at Wad Medani.;Seed originated from parasites on Sorghum millet on Gezira clay.;Grown on Sorghum millet in parts on Gezira clay.,Flowers light-medium red.,,Sudan,"Wilson Jones, K.",,,,521,Striga hermonthica Benth.,,,,,,,,,,,,,,Wad Medani,,,,,,Buda / Arab.
K000865404,K,Sheet,12/02/2018,,Striga,hermonthica,(Delile) Benth.,"Studies on Striga in Sudan;Lytton J. Musselman no.;Old Dominion University;Norfolk, Vorginia 23508;(Field work sponsored by INTSORMIL)",Sudan,,1982-10-13,false,,,Abundant in sorghum field.,,"Musselman, Lytton J.",Sudan,"Musselman, Lytton J.",,,,6139,Striga hermonthica Benth.,,,Gezira,,,,,,,,,,,In sorghum field near Barakat.,,,,,,
K000865405,K,Sheet,12/02/2018,14-Feb-2018 23:56:44,Striga,hermonthica,(Delile) Benth.,,Sudan,,1982-10-13,false,,,Abundant in sorghum.,,,Sudan,"Musselman, L.J.",,,,6144,Striga hermonthica Benth.,,,Blue Nile,,,,,,,,,,,"Kenana Research Station, Abu Naama.",,,,,,
K000865406,K,Sheet,19/02/2018,,Striga,hermonthica,(Delile) Benth.,,Sudan,,1982-10-13,false,,,On Brachiaria sp.  Plants are much smaller than plants parasitizing sorghum.,,,Sudan,"Musselman, L.J.",,,,6145,Striga hermonthica Benth.,,,Blue Nile,,,,,,,,,,,"Province: Blue Nile;Kenana Research Station, Abu Naama.",,,,,,
K000865407,K,Sheet,12/02/2018,14-Feb-2018 21:49:14,Striga,hermonthica,(Delile) Benth.,,Sudan,,1982-10-17,false,,,Abundant in sorghum fields,,,Sudan,"Musselman, L.J.",,,,6154,Striga hermonthica Benth.,,,Kassala,,,,,,,,,,,Um Shagera near Gadaref,,,,,,
K000865408,K,Sheet,19/02/2018,,Striga,hermonthica,(Delile) Benth.,,Sudan,,1982-10-27,false,,,Abundant in sorghum field.,,,,"Musselman, L.J.",,,,6155,Striga hermonthica Benth.,,,North Kordofan,,,,,,,,,,,Sorghum field south of El Obeid.,,,,,,
K000865409,K,Sheet,13/02/2018,,Striga,hermonthica,(Delile) Benth.,,Sudan,,1982-11-04,false,,,on Cymbopogon,,,Sudan,"Musselman, Lytton J.",,,,6168,Striga hermonthica Benth.,,,South Kordofan,,,,,,,,,,,100 yards N of exclosure #9 of the WSARP range experiment; near Kadugli.,,,,,,
K000865410,K,Sheet,13/02/2018,,Striga,hermonthica,(Delile) Benth.,,Sudan,,1983-01-08,false,,,in field of sorghum,very few plants still flowering,,Sudan,"Musselman, Lytton J.",,,,6212,Striga hermonthica Benth.,,,South Kordofan,,,,,,,,,,,along road from Kadugli to Shatt Taman,,,,,,
K000865411,K,Sheet,13/02/2018,,Striga,hermonthica,(Delile) Benth.,,Sudan,,1983-12-28,false,,,"scattered throughout sorghum fields . Junonia orithya present on plants, both adults and larvae",,,Sudan,"Musselman, Lytton J.",,,,6279,Striga hermonthica Benth.,,,Al Qaḑārif,poor resolution of writing on label.,,,,,,,,,,south of Doka,,,,,,
K000865412,K,Sheet,13/02/2018,17-Feb-2018 00:03:36,Striga,hermonthica,(Delile) Benth.,,Sudan,,1962-09-27,false,,,Fairly abundant in one durra field.,,"Hämet-Ahti, L.",Sudan,"Pettersson, B.",,,,16819,Striga hermonthica Benth.,,,Kassala,unsure of who is the determiner,,,,,,,,,,"Northern Province: Wadi Halfa dsitrict, ca 1 km NW of Debeira station",,,,,,
K000865413,K,Sheet,13/02/2018,,Striga,hermonthica,(Delile) Benth.,,Sudan,,1951-09-05,false,,,on Anis grass,,,Sudan,"Beshir, Babiker",,,,113,Striga hermonthica Benth.,,,Al Qaḑārif,,,,,,,,,,,"Sugura, Gedarif District",,,,,,Buda
K000865414,K,Sheet,13/02/2018,,Striga,hermonthica,(Delile) Benth.,,Sudan,,1964-09-11,false,,,"fallow, terrace soils",,,Sudan,"Wickens, G.E.",,,,2492,Striga hermonthica Benth.,,,Central Darfur,,3400 Feet,1036.32,,Metres,,,,,,"Zalinger, Jebel Marra",,,,,,
K000865415,K,Sheet,13/02/2018,,Striga,hermonthica,(Delile) Benth.,,Sudan,,1962-09-30,false,,,sands on Pernisetum,,,Sudan,"Wickens, G.E.",,,,568,Striga hermonthica Benth.,,,North Kordofan,,,,,,,,,,,El Obeid,,,,,,
K000865416,K,Sheet,13/02/2018,14-Feb-2018 23:32:24,Striga,hermonthica,(Delile) Benth.,,Sudan,,1962-10-08,false,,,,,,Sudan,"Wickens, G.E.",,,,623,Striga hermonthica Benth.,,,,,,,,,,,,,,"Sudan Republic: Kordofan, Jebel Kordofan.",,,,,,
K000865417,K,Sheet,13/02/2018,14-Feb-2018 23:36:52,Striga,hermonthica,(Delile) Benth.,,Sudan,,1962-09-08,false,,,,,,Sudan,"Wickens, G.E.",,,,309,Striga hermonthica Benth.,,,,,,,,,,,,,,"Sudan Republic: Kordofan, Jebel Abu Sinun.",,,,,,
K000865418,K,Sheet,14/02/2018,,Striga,hermonthica,(Delile) Benth.,,Sudan,,1957-10-17,false,,,Common weed of 'dura' (Sorghum) fields - alluvial soils.,Very attractive lilac pink flowers.,,Sudan,"Robertson, V.C.",,,,31,Striga hermonthica Benth.,,,,"Found on Geonames: Zalinjay, Jabal Marrah",3000 Feet,914.4,,Metres,,,,,,"Zalingei, Jebel Marra",,,,,,
K000865419,K,Sheet,14/02/2018,,Striga,hermonthica,(Delile) Benth.,,Sudan,,1912-11-11,false,,,,,,Sudan,"Sawer, E.R.",,,,13699,Striga hermonthica Benth.,,,,,,,,,,,,,,Khartoum (Soudan.),,,,,,
K000865420,K,Sheet,18/02/2018,,Striga,hermonthica,(Delile) Benth.,,Sudan,,1920-07-25,false,,,One of common weeds of gardens,,,Sudan,"Shantz, H.L.",,,,930,Striga hermonthica Benth.,,,,,,,,,,,,,,"Regu, Anglo-Egyptian Sudan",,,,,,
K000865421,K,Sheet,14/02/2018,,Striga,hermonthica,(Delile) Benth.,,Sudan,,1921-11,false,,,,,,Sudan,"Lynes, Rear Admiral",,,,576,Striga hermonthica Benth.,,,Darfur,Geonames: Zalinjay,3100 Feet,944.88,,Metres,,,,,,"Zalingui, Darfur Province Susan.",,,,,,
K000865422,K,Sheet,18/02/2018,,Striga,hermonthica,(Delile) Benth.,,Sudan,,1930-05,false,,,After the first rains,,,Sudan,"Macintosh, Mrs.D.",,,,138,Striga hermonthica Benth.,,,Northern Darfur,,6000 Feet,1828.8,,Metres,,,,,,"Gebel Marra; Sunni,",,,,,,
K000865423,K,Sheet,14/02/2018,,Striga,hermonthica,(Delile) Benth.,,Sudan,,1930-05,false,,,after the first rains,,,Sudan,"Macintosh, M.( Mrs)",,,,139,Striga hermonthica Benth.,,,Darfur,,6000 Feet,1828.8,,Metres,,,,,,"Gebel Marra, Sunni",,,,,,
K000865424,K,Sheet,14/02/2018,,Striga,hermonthica,(Delile) Benth.,,Chad,,1965,false,,,,,,Chad,"Audry, P.",,,,B2,Striga hermonthica Benth.,,,Chari-Baguirmi,,,,,,10°32'N,10,32,,N,Ba Illi,16°27'E,16,27,,E,
K000865425,K,Sheet,14/02/2018,,Striga,hermonthica,(Delile) Benth.,,Central African Republic,,1981-10/1981-11,false,,,,,,Chad,"Elliott, D.",,,,s.n.,Striga hermonthica Benth.,,,Logone Oriental,,,,,,,,,,,Doba,,,,,,
K000865426,K,Sheet,14/02/2018,,Striga,hermonthica,(Delile) Benth.,,Central African Republic,1983,1981/1983,false,,,"Sudanian wooded savannah with gallery forest with Uapaca togoensis, Hymenocardia acida, Detarium microcarpum, Daniellia oliveri, . Gallery forest with Uapaca togoensis, Syzygium quineense and Irvingia smithii",,"Fay, J.M.",Central African Republic,"Fay, J.Michael","Doka, Joel",,,5070,Striga hermonthica Benth.,,,Ouham,,600 Metres,600,,Metres,6°30'N,6,30,,N,Bossangoa,17°20'E,17,20,,E,
K000865427,K,Sheet,14/02/2018,,Striga,hermonthica,(Delile) Benth.,,Central African Republic,,1950-12-07,false,,,,pink-violet flowers,,Central African Republic,Chevalier,,,,230,Striga hermonthica Benth.,,,Ouaka,,,,,,,,,,,Grimari,,,,,,
K000865428,K,Sheet,14/02/2018,,Striga,hermonthica,(Delile) Benth.,,Nigeria,,1958-02-01,false,,,"undulating montane grassland, forest at Nguroje, otherwise nearly treeless; semi-parasite at base of guinea-corn","Erect herb, variable in height 15-40 cm high, almost simple to widely branched, dark green to pale green, leaves variable in size; corolla varying from dark mauve to pale pink, also in size, all in same population.",,Nigeria,"Hepper, F.N.",,,,1847,Striga hermonthica Benth.,,,Taraba,,1500 Metres,1500,,Metres,7°N,7,,,,"West of Gembu, River Donga valley, Mambila Plateau",11°10'E,11,10,,E,
K000865429,K,Sheet,14/02/2018,,Striga,hermonthica,(Delile) Benth.,,Nigeria,,1954-12-02,false,,,farmland,herb up to 1½ ft high with light blue flowers,,Nigeria,"Latilo, M.G.","Daramola, B.O.",,,FHI 28792,Striga hermonthica Benth.,,,Taraba,,,,,,,,,,,"Adamawa province, Gashaka district, near Gangumi village",,,,,,
K000865430,K,Sheet,18/02/2018,,Striga,hermonthica,(Delile) Benth.,Seen for revised F.W.T.A.;Striga hermonthica (Del.) Benth.,Nigeria,1957,1957-11-09,false,,,Cultivated ground with guinea corn crop.,"Erect herb c. 40cm. high, dark green leaves, always on guinea corn so probably it's host; flowers bright pink-mauve, paler outside, pale inside lip and with hairs.  All plants with large flowers.","Hepper, F.N.",Nigeria,"Hepper, F.N.",,,,1278,Striga hermonthica Benth.,,,Adamawa,,580 Metres,580,,Metres,8°25'N,8,25,,N,"British Cameroons (N. Trusteeship Territory): Adamawa Division, Vogel Peak Area.",11°50'E,11,50,,E,"""Iri-warm"" (Chamba)  Iri=sorghum warm=bad plant"
K000865431,K,Sheet,14/02/2018,,Striga,hermonthica,(Delile) Benth.,,Cameroon,,1955-09-17,false,,,"millet field, parasitic on millet roots",,,Cameroon,"Saxer, A.",,,,398a,Striga hermonthica Benth.,,,North,used Google translate,550 Metres,550,,Metres,,,,,,Poli,,,,,,
K000865432,K,Sheet,14/02/2018,,Striga,hermonthica,(Delile) Benth.,,Cameroon,,1955-10-30,false,,,in millet field,"reddish, wine-red blossoms",,Cameroon,"Saxer, Alfred",,,,588,Striga hermonthica Benth.,,,Far North,,900 Metres,900,,Metres,,,,,,"Soulédé, Mokolo, N of Col de Méri",,,,,,
K000865433,K,Sheet,14/02/2018,,Striga,hermonthica,(Delile) Benth.,,Cameroon,,1955-08-19,false,,,meadow,dark blue blossoms,,Cameroon,"Saxer, Alfred",,,,308,Striga hermonthica Benth.,,,Adamaoua,,1350 Metres,1350,,Metres,,,,,,"Banyo, Mayo Tankou",,,,,,
K000865434,K,Sheet,14/02/2018,,Striga,hermonthica,(Delile) Benth.,,Cameroon,1964-10-05,1964-10-05,false,,,sandy and clay-sandy soil,"up to 1.5m height in humid environment, parasite Graminée sp 7151","Letouzey, R.",Cameroon,"Letouzey, R.",,,,7209,Striga hermonthica Benth.,,,Far North,,,,,,,,,,,"Mouladok, 25 km W of Fort-Foureau",,,,,,
K000865435,K,Sheet,14/02/2018,,Striga,hermonthica,(Delile) Benth.,,Cameroon,1966,1964-08-31,false,,,"fallow land, sandy soil","herb, stem and leaves green, purplsh tinged, corolla bright lilac-red","Amshoff, G.J.H.",Cameroon,"de Wilde, W.J.J.O.","de Wilde-Duyfjes, B.E.E.",,,2946,Striga hermonthica Benth.,,,North,"also determined by Raynal, A. 1968",400 Metres,400,,Metres,,,,,,"170 km S of Garoua, near village Saleje",,,,,,
K000865436,K,Sheet,14/02/2018,,Striga,hermonthica,(Delile) Benth.,,Cameroon,1965-09-10,,false,,,"abundant in fallow fields, sandy",violet-pink flowers,"Raynal, A.",Cameroon,"Letouzey, R.",,,,6406,Striga hermonthica Benth.,,,Far North,,,,,,,,,,,"Douvangar, near Meri, 30 km NW of Maroua",,,,,,
K000865437,K,Sheet,14/02/2018,,Striga,hermonthica,(Delile) Benth.,,Cameroon,,1974-07-26,false,,,,,,Cameroon,"Fotius, G.",,,,2177,Striga hermonthica Benth.,,,North,,,,,,,,,,,"Hoy, 10 km E of Poli",,,,,,
K000865438,K,Sheet,14/02/2018,14-Feb-2018 21:42:41,Striga,hermonthica,(Delile) Benth.,,Cameroon,1980,1972-07-08,false,,,"Near creek, open place, shrub savanna.","Herb 30-8- cm high; rough, stem quadrangular; calyx green, lobes purplish, corolla violet.","Hepper, F.N.",Cameroon,"Leeuwenberg, A.J.M.",,,,10189,Striga hermonthica Benth.,,,West,,1100 Metres,1100,,Metres,5.43,5,25,48,N,"Near Djikainké, 4 km from Foumban",10.55,10,33,0,E,
K000865439,K,Sheet,14/02/2018,,Striga,hermonthica,(Delile) Benth.,,Cameroon,1976,1970-08-12,false,,,,,"Meurillon, A.",Cameroon,"Meurillon, A.",,,,1976,Striga hermonthica Benth.,,,North,,320 Metres,320,,Metres,,,,,,"Yagoma, Bidim",,,,,,
K000865440,K,Sheet,14/02/2018,,Striga,hermonthica,(Delile) Benth.,,Cameroon,,1967-08-06,false,,,"herby savanna, sandy",herb with red flowers,,Cameroon,Meurillon,,,,963,Striga hermonthica Benth.,,,North,,,,,,,,,,,"Guider, Bénoué",,,,,,elbogous
K000865441,K,Sheet,14/02/2018,,Striga,hermonthica,(Delile) Benth.,,Congo,,1926-04,false,,,,,,Congo,"Robyns, A.G.",,,,2216,Striga hermonthica Benth.,,,Katanga,"There are 2 Congos on the drop-down list, but there is no indication of which is which.  This one comes from Democratic Republic of the Congo.",,,,,,,,,,Pweto,,,,,,
K000865442,K,Sheet,18/02/2018,,Striga,hermonthica,(Delile) Benth.,,Congo,,1931,false,,,,,,Congo,de Witte,,,,314,Striga hermonthica Benth.,,,Katanga,,,,,,,,,,,Moba-Katanga,,,,,,
K000865443,K,Sheet,18/02/2018,,Striga,hermonthica,(Delile) Benth.,,Congo,,1908-05-16,false,,,Damp places,,,Congo,"Kassner, T.",,,,2786,Striga hermonthica Benth.,,,Haut-Katanga,,,,,,,,,,,"Kundelungu, Congo",,,,,,
K000865444,K,Sheet,18/02/2018,,Striga,hermonthica,(Delile) Benth.,Striga hermonthica (Del.) Benth.,Congo,,1955-08,false,,,champ d'éleusine,,,Congo,Boutique,,,,308,Striga hermonthica Benth.,,,Orientale,,,,,,,,,,,entre Mahagi et Mahagi port,,,,,,
K000865445,K,Sheet,15/02/2018,,Striga,hermonthica,(Delile) Benth.,,Congo,,1931-07,false,,,,,,Congo,Lebrun,,,,3374,Striga hermonthica Benth.,,,Haut-Uele,There are 2 locations called Faradje in the Democratic Republic of the Congo. This task is from the former Belgian Congo.,,,,,,,,,,Faradje-Huri,,,,,,
K000865446,K,Sheet,18/02/2018,,Striga,hermonthica,(Delile) Benth.,,Congo,,1937,false,,,,,,Congo,Thesopriere,,,,3724,Striga hermonthica Benth.,,,Nord Kivu,,,,,,,,,,,"Rutshuru, Congo Belge",,,,,,
K000865447,K,Sheet,19/02/2018,,Striga,hermonthica,(Delile) Benth.,,Congo,,1938-01,false,,,,,,Congo,"Lebrun, J.",,,,9631,Striga hermonthica Benth.,,,,,,,,,,,,,,Congo Belgica entre Gabiro et Kidebe ?,,,,,,
K000865448,K,Sheet,15/02/2018,,Striga,hermonthica,(Delile) Benth.,,Congo,,1959-11-19,false,,,sorghum field,mauve-violet flowers,,Congo,"Froment, Didier",,,,588,Striga hermonthica Benth.,,,Ituri,,1250 Metres,1250,,Metres,,,,,,"Mahagi, Mont Hawa or Aru",,,,,,
K001009124,K,Sheet,18/02/2018,,Striga,hermonthica,(Delile) Benth.,Striga hermonthica (Del.) Benth.,Angola,1960,1949-01,false,,,,"Annual up to 80 cm. high, parasitical on the roots of Sugho and Mais: fl. lilac, blue or white","Hepper, F.N.",Angola,"Grossweiler, J.",,,,14219,Striga hermonthica Benth.,,,Luanda Norte,,,,,,,,,,,"Angola, Luanda, Catete",,,,,,
K001009125,K,Sheet,15/02/2018,,Striga,,,,Angola,,,false,,,parasitic on Sorghum halepense,,,Angola,Gossweiler,,,,9199,Striga hermonthica Benth.,,,Cuanza Norte,,50 Metres,50,,Metres,,,,,,Colele,,,,,,